BK	CH	VS	OL_REF	OL_VALUES	ALT_NIV_VALUES	CLASS	SCHOLARSHIP_STATUS	FOOTNOTE_IF_TARGET_FOLLOWS_OL	FOOTNOTE_IF_TARGET_FOLLOWS_ALT	VALIDATION_IF_TARGET_FOLLOWS_OL	VALIDATION_IF_TARGET_FOLLOWS_ALT	SUGGESTED_NOTE_IF_OL_SELECTED	SUGGESTED_NOTE_IF_ALT_SELECTED	MANUSCRIPT_EVIDENCE	SCHOLARSHIP_POSITION	NIV_FOOTNOTE	SOURCE_IDS	SOURCE_URLS
JDG	14	15	JDG 14:15	7	4	ATTESTED_TEXTUAL_VARIANT	NIV_FAVORED	RECOMMEND	REQUIRE	PASS_AUTHORITY1	ACCEPTABLE_VARIANT_WITH_FOOTNOTE	Some ancient versions read fourth; the Hebrew text reads seventh.	Hebrew reads seventh; some Septuagint manuscripts and the Syriac read fourth.	Configured MT/OL reads seventh. Some Septuagint manuscripts and the Syriac Peshitta read fourth.	Critical balance favors fourth as the better reconstructed reading, although the dominant MT tradition reads seventh.	Some Septuagint manuscripts and Syriac; Hebrew seventh	NIV_LOCAL;NET_JDG1415	https://www.biblica.com/niv-bible/; https://classic.net.bible.org/passage.php?passage=Jdg+14%3A15
1SA	1	24	1SA 1:24	3;1	3	ATTESTED_TEXTUAL_VARIANT	NIV_FAVORED	RECOMMEND	REQUIRE	PASS_AUTHORITY1	ACCEPTABLE_VARIANT_WITH_FOOTNOTE	Dead Sea Scrolls, Septuagint and Syriac support a three-year-old bull; the Masoretic Text reads three bulls.	Masoretic Text reads three bulls; Dead Sea Scrolls, Septuagint and Syriac support a three-year-old bull.	MT reads three bulls; DSS, Septuagint and Syriac support a reading represented as a three-year-old bull.	NIV-side reading is favored in substantial modern text-critical scholarship, but the judgment is not unanimous.	Dead Sea Scrolls, Septuagint and Syriac; Masoretic Text with three bulls	NIV_LOCAL;SCIELO_1SA124	https://www.biblica.com/niv-bible/; https://www.scielo.org.za/scielo.php?pid=S0259-94222020000400041&script=sci_arttext
1SA	6	19	1SA 6:19	70;50000	70	ATTESTED_TEXTUAL_VARIANT	OL_FAVORED	RECOMMEND	REQUIRE	PASS_AUTHORITY1	CAUTION_ACCEPTABLE_ATTESTED_MINOR_READING_WITH_FOOTNOTE	A few Hebrew manuscripts read seventy; most Hebrew manuscripts and the Septuagint support 50,070.	Most Hebrew manuscripts and the Septuagint support 50,070; a few Hebrew manuscripts read seventy.	Most Hebrew manuscripts and the Septuagint support 50,070; only a few Hebrew manuscripts support 70.	The OL/MT 50,070 reading is strongly favored on extant external evidence.	A few Hebrew manuscripts; most Hebrew manuscripts and Septuagint 50,070	NIV_LOCAL;NET_1SA619	https://www.biblica.com/niv-bible/; https://classic.net.bible.org/passage.php?passage=1Sa+6%3A19
1SA	13	1	1SA 13:1	1;2	30;42	CONJECTURAL_EMENDATION_RECONSTRUCTION	RECONSTRUCTED_BUT_NOT_SECURE	RECOMMEND	REQUIRE	PASS_AUTHORITY1	ACCEPTABLE_VARIANT_WITH_FOOTNOTE	The Hebrew text is incomplete in this regnal formula; ancient witnesses and modern translations reconstruct the missing numbers differently.	The Hebrew text does not contain all the supplied numbers; the regnal formula is reconstructed and remains textually uncertain.	MT lacks Saul's usable accession age and gives two years; most LXX manuscripts omit the verse, a few Greek manuscripts supply thirty, and Syriac differs.	No secure majority reconstruction exists; major translations and scholars restore the verse differently or leave lacunae.	A few late manuscripts of the Septuagint; Hebrew does not have thirty. | Probable reading of the original Hebrew text (see Acts 13:21 ); Masoretic Text does not have forty- .	NIV_LOCAL;NET_1SA131	https://www.biblica.com/niv-bible/; https://classic.net.bible.org/passage.php?passage=1Sa+13%3A1
1SA	13	5	1SA 13:5	30000;6000	3000;6000	ATTESTED_TEXTUAL_VARIANT	DIVIDED	REQUIRE	REQUIRE	PASS_AUTHORITY1	ACCEPTABLE_VARIANT_WITH_FOOTNOTE	Some Septuagint manuscripts and the Syriac read 3,000; the Hebrew text reads 30,000.	Hebrew reads 30,000; some Septuagint manuscripts and the Syriac read 3,000.	Configured Hebrew reads 30,000 chariots; some Septuagint manuscripts and Syriac read 3,000.	No clear scholarly majority should be asserted; modern critical practice remains divided.	Some Septuagint manuscripts and Syriac; Hebrew thirty thousand	NIV_LOCAL;TIPS_1SA135	https://www.biblica.com/niv-bible/; https://tips.translation.bible/story/translation-commentary-on-1-samuel-135/
2SA	8	4	2SA 8:4	1700;20000;100	1000;7000;20000;100	ATTESTED_TEXTUAL_VARIANT	NIV_FAVORED	RECOMMEND	REQUIRE	PASS_AUTHORITY1	ACCEPTABLE_VARIANT_WITH_FOOTNOTE	Septuagint and the parallel in 1 Chronicles 18:4 support 1,000 chariots and 7,000 charioteers; the Hebrew text reads 1,700 charioteers.	Hebrew reads 1,700 charioteers; Septuagint and the parallel in 1 Chronicles 18:4 support 1,000 chariots and 7,000 charioteers.	MT reads 1,700 charioteers; LXX reads 1,000 chariots and 7,000 charioteers. NIV footnote also points to DSS and the parallel 1 Chr 18:4.	Evidence leans toward the NIV-side reconstruction because of ancient and parallel support, but it is not a manuscript-majority reading and is not unanimous.	Septuagint (see also Dead Sea Scrolls and 1 Chron. 18:4 ); Masoretic Text captured seventeen hundred of his charioteers	NIV_LOCAL;NET_2SA84	https://www.biblica.com/niv-bible/; https://classic.net.bible.org/verse.php?book=2Sa&chapter=8&verse=4
2SA	15	7	2SA 15:7	40	4	ATTESTED_TEXTUAL_VARIANT	NIV_FAVORED	RECOMMEND	REQUIRE	PASS_AUTHORITY1	ACCEPTABLE_VARIANT_WITH_FOOTNOTE	Some ancient witnesses read four years; the Hebrew text reads forty years.	Hebrew reads forty years; several ancient witnesses support four years.	MT reads forty; Lucianic Greek, Syriac, Vulgate, and the NIV footnote's Josephus evidence support four.	Modern critical judgment strongly favors four.	Some Septuagint manuscripts, Syriac and Josephus; Hebrew forty	NIV_LOCAL;NET_2SA157	https://www.biblica.com/niv-bible/; https://classic.net.bible.org/verse.php?book=2Sa&chapter=15&verse=7
2SA	24	13	2SA 24:13	7;3;3	3;3;3	ATTESTED_TEXTUAL_VARIANT	NIV_FAVORED	RECOMMEND	REQUIRE	PASS_AUTHORITY1	ACCEPTABLE_VARIANT_WITH_FOOTNOTE	Septuagint and 1 Chronicles 21:12 read three years; the Hebrew text reads seven years.	Hebrew reads seven years; Septuagint and 1 Chronicles 21:12 read three years.	MT reads seven years; Septuagint reads three, agreeing with the parallel 1 Chr 21:12.	Modern critical translation practice favors three, though MT-oriented editions retain seven.	Septuagint (see also 1 Chron. 21:12 ); Hebrew seven	NIV_LOCAL;NET_2SA2413	https://www.biblica.com/niv-bible/; https://classic.net.bible.org/verse.php?book=2Sa&chapter=24&verse=13
1KI	4	26	1KI 5:6	40000;12000	4000;12000	ATTESTED_TEXTUAL_VARIANT	NIV_FAVORED	RECOMMEND	REQUIRE	PASS_AUTHORITY1	ACCEPTABLE_VARIANT_WITH_FOOTNOTE	Some Septuagint manuscripts and 2 Chronicles 9:25 read 4,000; the Hebrew text reads 40,000.	Hebrew reads 40,000; some Septuagint manuscripts and 2 Chronicles 9:25 read 4,000.	MT (OL ref 1KI 5:6) reads 40,000 stalls; some Greek manuscripts and 2 Chr 9:25 read 4,000.	Editorial/critical balance leans 4,000, but there is no claim of Hebrew manuscript majority and several major translations retain 40,000.	Some Septuagint manuscripts (see also 2 Chron. 9:25 ); Hebrew forty	NIV_LOCAL;NET_1KI426	https://www.biblica.com/niv-bible/; https://classic.net.bible.org/verse.php?book=1Ki&chapter=4&verse=26
1KI	5	11	1KI 5:25	20000;20	20000;20000	ATTESTED_TEXTUAL_VARIANT	NIV_FAVORED	RECOMMEND	REQUIRE	PASS_AUTHORITY1	ACCEPTABLE_VARIANT_WITH_FOOTNOTE	Septuagint and 2 Chronicles 2:10 support 20,000 baths of oil; the Hebrew text reads twenty cors.	Hebrew reads twenty cors of oil; Septuagint and 2 Chronicles 2:10 support 20,000 baths.	MT (OL ref 1KI 5:25) has twenty cors of oil; ancient Greek and the 2 Chr 2:10 parallel support twenty thousand baths; Syriac also differs.	NIV-side reading has substantial modern critical support but is not unanimous.	Septuagint (see also 2 Chron. 2:10 ); Hebrew twenty cors	NIV_LOCAL;NET_1KI511;TIPS_1KI511	https://www.biblica.com/niv-bible/; https://classic.net.bible.org/verse.php?book=1Ki&chapter=5&verse=11; https://tips.translation.bible/story/translation-commentary-on-1-kings-511/
2KI	25	3	2KI 25:3	9	9;4	PARALLEL_PASSAGE_RECONSTRUCTION	NIV_FAVORED_RECONSTRUCTION	RECOMMEND	REQUIRE	PASS_AUTHORITY1	ACCEPTABLE_VARIANT_WITH_FOOTNOTE	The Hebrew text lacks the month number; fourth is supplied from the parallel in Jeremiah 52:6.	Fourth is not present in the Hebrew text here; it is supplied from Jeremiah 52:6.	MT gives the ninth day but lacks the word fourth; Jer 52:6 explicitly supplies the fourth month.	The reconstruction fourth is overwhelmingly standard in modern translation practice, while remaining absent from MT 2 Kings 25:3.	Probable reading of the original Hebrew text (see Jer. 52:6 ); Masoretic Text does not have fourth .	NIV_LOCAL;NET_2KI253	https://www.biblica.com/niv-bible/; https://classic.net.bible.org/passage.php?passage=2Ki+25%3A3
1CH	25	9	1CH 25:9	1;2;12	1;12;2;12	STRUCTURAL_RECONSTRUCTION	STRUCTURAL_RECONSTRUCTION	RECOMMEND	REQUIRE	PASS_AUTHORITY1	ACCEPTABLE_VARIANT_WITH_FOOTNOTE	The Hebrew text lacks the first group's twelve; the number is supplied from the repeated pattern and the total in verse 7.	Twelve is not explicit in the Hebrew text for the first group; it is reconstructed from the repeated pattern and the total in verse 7.	Hebrew lacks the first group formula “his sons and relatives” and twelve; Septuagint supports part of the restoration. NIV footnote also appeals to the total in v.7.	Structural reconstruction is strongly favored for coherence, but the supplied number is not directly present in the configured Hebrew verse.	See Septuagint; Hebrew does not have his sons and relatives. | See the total in verse 7; Hebrew does not have twelve.	NIV_LOCAL;NET_1CH259	https://www.biblica.com/niv-bible/; https://classic.net.bible.org/verse.php?book=1Ch&chapter=25&verse=9
2CH	3	4	2CH 3:4	20;120	20;20	ATTESTED_TEXTUAL_VARIANT	NIV_FAVORED	RECOMMEND	REQUIRE	PASS_AUTHORITY1	ACCEPTABLE_VARIANT_WITH_FOOTNOTE	Some Septuagint and Syriac manuscripts read 20 cubits; the Hebrew text reads 120 cubits.	Hebrew reads 120 cubits; some Septuagint and Syriac manuscripts read 20 cubits.	MT reads 120 cubits; an ancient Greek witness and Syriac read 20 cubits.	Modern critical judgment substantially favors 20, though the MT reading remains in the Hebrew tradition and some translations.	Some Septuagint and Syriac manuscripts; Hebrew and a hundred and twenty	NIV_LOCAL;NET_2CH34	https://www.biblica.com/niv-bible/; https://classic.net.bible.org/verse.php?book=2Ch&chapter=3&verse=4
2CH	22	2	2CH 22:2	42;1	22;1	ATTESTED_TEXTUAL_VARIANT	NIV_FAVORED	RECOMMEND	REQUIRE	PASS_AUTHORITY1	ACCEPTABLE_VARIANT_WITH_FOOTNOTE	Some Septuagint manuscripts, the Syriac and 2 Kings 8:26 read 22; the Hebrew text reads 42.	Hebrew reads 42; some ancient witnesses and 2 Kings 8:26 read 22.	MT reads 42; some Septuagint manuscripts and Syriac, together with 2 Kings 8:26, read 22.	Modern critical judgment strongly favors 22.	Some Septuagint manuscripts and Syriac (see also 2 Kings 8:26 ); Hebrew forty-two	NIV_LOCAL;NET_2CH222	https://www.biblica.com/niv-bible/; https://classic.net.bible.org/passage.php?passage=2Ch+22%3A2
2CH	36	9	2CH 36:9	8;3;10	18;3;10	ATTESTED_TEXTUAL_VARIANT	NIV_FAVORED	RECOMMEND	REQUIRE	PASS_AUTHORITY1	ACCEPTABLE_VARIANT_WITH_FOOTNOTE	One Hebrew manuscript, some Septuagint manuscripts, the Syriac and 2 Kings 24:8 read 18; most Hebrew manuscripts read 8.	Most Hebrew manuscripts read 8; one Hebrew manuscript, ancient versions and 2 Kings 24:8 support 18.	Most Hebrew manuscripts read 8; one Hebrew manuscript, some Septuagint manuscripts and Syriac, plus 2 Kings 24:8, support 18.	Modern critical judgment commonly favors 18; manuscript majority alone favors OL 8.	One Hebrew manuscript, some Septuagint manuscripts and Syriac (see also 2 Kings 24:8 ); most Hebrew manuscripts eight	NIV_LOCAL;NET_2CH369	https://www.biblica.com/niv-bible/; https://classic.net.bible.org/verse.php?book=2Ch&chapter=36&verse=9
NEH	7	68			736;245	ATTESTED_VERSE_OMISSION_ADDITION	DIVIDED	REQUIRE	REQUIRE	NO_CONFIGURED_OL_READING	ACCEPTABLE_VARIANT_WITH_FOOTNOTE	Most Hebrew manuscripts omit this verse; some Hebrew manuscripts and ancient witnesses include it, in agreement with Ezra 2:66.	This verse is absent from most Hebrew manuscripts but is supported by some Hebrew manuscripts, ancient witnesses and Ezra 2:66.	Most Hebrew manuscripts omit the Western verse; some Hebrew manuscripts include it. Ezra 2:66, 1 Esdras, LXX and Vulgate support the animal-count line.	No clear critical majority should be asserted. The Hebrew manuscript majority omits the verse, while substantial early external and parallel evidence supports inclusion.	Some Hebrew manuscripts (see also Ezra 2:66 ); most Hebrew manuscripts do not have this verse.	NIV_LOCAL;CAM_NEH7	https://www.biblica.com/niv-bible/; https://biblehub.com/commentaries/cambridge/nehemiah/7.htm
EZK	26	1	EZK 26:1	11;1	11;12;1	CONJECTURAL_DATE_RECONSTRUCTION	RECONSTRUCTED_BUT_NOT_SECURE	RECOMMEND	REQUIRE	PASS_AUTHORITY1	ACCEPTABLE_VARIANT_WITH_FOOTNOTE	The Hebrew text lacks the month number; twelfth is a proposed reconstruction of the date formula.	Twelfth is not present in the Hebrew text; it is a conjectural restoration of the date formula.	MT has eleventh year and first day but no month number. NIV supplies twelfth month as a probable reconstruction; proposed ancient evidence/reconstructions vary.	No secure majority reconstruction exists for the missing month.	Probable reading of the original Hebrew text; Masoretic Text does not have month of the twelfth .	NIV_LOCAL;NET_EZK261	https://www.biblica.com/niv-bible/; https://classic.net.bible.org/verse.php?book=Eze&chapter=26&verse=1
EZK	40	49	EZK 40:49	20;11;1;1	20;12	ATTESTED_TEXTUAL_VARIANT	DIVIDED	REQUIRE	REQUIRE	PASS_AUTHORITY1	ACCEPTABLE_VARIANT_WITH_FOOTNOTE	Septuagint reads 12 cubits; the Hebrew text reads 11 cubits. The textual evidence remains divided.	Hebrew reads 11 cubits; Septuagint reads 12 cubits. The textual evidence remains divided.	MT reads 11 cubits; Septuagint reads 12. NIV follows 12.	Scholarly judgment is genuinely divided: structural arguments favor 12, while a major textual project retains 11.	Septuagint; Hebrew eleven | Hebrew; Septuagint Ten steps led up to it	NIV_LOCAL;TIPS_EZK4049	https://www.biblica.com/niv-bible/; https://tips.translation.bible/story/translation-commentary-on-ezekiel-4049/
EZK	42	4	EZK 42:4	10;1	10;100	ATTESTED_TEXTUAL_VARIANT	DIVIDED	REQUIRE	REQUIRE	PASS_AUTHORITY1	ACCEPTABLE_VARIANT_WITH_FOOTNOTE	Septuagint and Syriac read 100 cubits; the Hebrew text reads one cubit. The textual evidence remains divided.	Hebrew reads one cubit; Septuagint and Syriac read 100 cubits. The textual evidence remains divided.	MT has one cubit in the disputed length expression; Septuagint and Syriac read 100 cubits.	No clear majority should be asserted from the accessible evidence; the critical tradition is divided.	Septuagint and Syriac; Hebrew and one cubit	NIV_LOCAL;BH_EZK424	https://www.biblica.com/niv-bible/; https://biblehub.com/commentaries/ezekiel/42-4.htm
EZK	45	1	EZK 45:1	25000;10000	25000;20000	ATTESTED_TEXTUAL_VARIANT	NIV_FAVORED	RECOMMEND	REQUIRE	PASS_AUTHORITY1	ACCEPTABLE_VARIANT_WITH_FOOTNOTE	Septuagint and the surrounding dimensions support 20,000 cubits; the Hebrew text reads 10,000 cubits.	Hebrew reads 10,000 cubits; Septuagint and the surrounding dimensions support 20,000 cubits.	MT reads width 10,000; Septuagint reads 20,000. NIV follows the Septuagint and points to internal parallels in the chapter and 48:9.	Modern critical judgment strongly favors 20,000, although the configured MT reads 10,000.	Septuagint (see also verses 3|EZK 45:3 and 5|EZK 45:5 and 48:9 ); Hebrew 10,000	NIV_LOCAL;NET_EZK451	https://www.biblica.com/niv-bible/; https://classic.net.bible.org/verse.php?book=Eze&chapter=45&verse=1
EZK	45	5	EZK 45:5	25000;10000;20	25000;10000	ATTESTED_CLAUSE_LEVEL_TEXTUAL_VARIANT	NIV_FAVORED	RECOMMEND	REQUIRE	PASS_AUTHORITY1	ACCEPTABLE_VARIANT_WITH_FOOTNOTE	Septuagint has an alternative clause about towns for the Levites; the Hebrew text contains the difficult expression 'twenty rooms.'	Hebrew contains the difficult expression 'twenty rooms'; Septuagint has an alternative clause about towns for the Levites.	The MT clause includes “twenty” in a difficult reading; Septuagint has a clause about cities in which the Levites will live, omitting that numeric element.	Modern critical treatment leans toward the LXX-like clause, but this is a clause-level reconstruction rather than a direct 20-versus-X number variant.	Septuagint; Hebrew temple; they will have as their possession 20 rooms	NIV_LOCAL;NET_EZK455	https://www.biblica.com/niv-bible/; https://classic.net.bible.org/verse.php?book=Eze&chapter=45&verse=5
