LAYER	BK	CH	VS	OL_REF	LANG	ACTION	EXPR_NO	TOKEN_POS	SOURCE_EXPRESSION	ORIGINAL_VALUES	FINAL_VALUES	RULE_CLASS	REASON	REVIEW_STATUS
AUDITED_OL_NORMALIZATION_MANIFEST				1CH 1:1	HEB	DROP_EXPR	1		שֵׁ֖ת	6		LEXICAL_FALSE_POSITIVE	Proper-name/body lexeme שֵׁת is not the numeral six in this context.	CONFIRMED
AUDITED_OL_NORMALIZATION_MANIFEST				1CH 8:32	HEB	DROP_EXPR	1		שִׁמְאָ֑ה	100		LEXICAL_FALSE_POSITIVE	Proper name Shimeah, not the numeral hundred.	CONFIRMED
AUDITED_OL_NORMALIZATION_MANIFEST				1CH 13:1	HEB	REPLACE_VERSE_VALUES			הָאֲלָפִ֛ים וְהַמֵּא֖וֹת	1100	1000;100	STRUCTURAL_COMPOSITION	Reviewed OL syntax requires independent values in source order; prior seed merged or omitted expression boundaries.	CONFIRMED
AUDITED_OL_NORMALIZATION_MANIFEST				1CH 15:21	HEB	DROP_EXPR	1		הַשְּׁמִינִ֖ית	8		LEXICAL_FALSE_POSITIVE	Lexicalized musical term Sheminith; excluded from numeric index rather than treated as ordinal eight.	CONFIRMED
AUDITED_OL_NORMALIZATION_MANIFEST				1CH 20:6	HEB	REPLACE_VERSE_VALUES			שֵׁשׁ וָשֵׁשׁ֙ עֶשְׂרִ֣ים וְאַרְבַּ֔ע | שֵׁשׁ וָשֵׁשׁ֙ עֶשְׂרִ֣ים וְאַרְבַּ֔ע	6;30	6;6;24	STRUCTURAL_COMPOSITION	Reviewed OL syntax requires independent values in source order; prior seed merged or omitted expression boundaries.	CONFIRMED
AUDITED_OL_NORMALIZATION_MANIFEST				1CH 24:11	HEB	ADD_EXPR			הַתְּשִׁעִי | הָעֲשִׂרִי		9;10	MISSING_OL_NUMERAL	Ninth and tenth ordinals are explicit in supplied Hebrew.	CONFIRMED
AUDITED_OL_NORMALIZATION_MANIFEST				1CH 26:26	HEB	REPLACE_VERSE_VALUES			הָאֲלָפִ֥ים וְהַמֵּא֖וֹת	1100	1000;100	STRUCTURAL_COMPOSITION	Reviewed OL syntax requires independent values in source order; prior seed merged or omitted expression boundaries.	CONFIRMED
AUDITED_OL_NORMALIZATION_MANIFEST				1CH 27:1	HEB	REPLACE_VERSE_VALUES			הָֽאֲלָפִ֣ים_׀ וְהַמֵּא֡וֹת | הָֽאַחַ֔ת עֶשְׂרִ֥ים וְאַרְבָּעָ֖ה אָֽלֶף׃	1100;25000	1000;100;1;24000	STRUCTURAL_COMPOSITION	Reviewed OL syntax requires independent values in source order; prior seed merged or omitted expression boundaries.	CONFIRMED
AUDITED_OL_NORMALIZATION_MANIFEST				1CH 27:14	HEB	REPLACE_VERSE_VALUES			עַשְׁתֵּֽי עָשָׂר֙ לְעַשְׁתֵּ֣י עָשָׂ֣ר | עֶשְׂרִ֥ים וְאַרְבָּעָ֖ה אָֽלֶף׃	22;24000	11;11;24000	STRUCTURAL_COMPOSITION	Reviewed OL syntax requires independent values in source order; prior seed merged or omitted expression boundaries.	CONFIRMED
AUDITED_OL_NORMALIZATION_MANIFEST				1CH 29:6	HEB	REPLACE_VERSE_VALUES			הָאֲלָפִים֙ וְהַמֵּא֔וֹת	1100	1000;100	STRUCTURAL_COMPOSITION	Reviewed OL syntax requires independent values in source order; prior seed merged or omitted expression boundaries.	CONFIRMED
AUDITED_OL_NORMALIZATION_MANIFEST				1KI 1:27	HEB	DROP_EXPR	1		מֵאֵת֙	100		LEXICAL_FALSE_POSITIVE	Pointed מֵאֵת/מֵאֶת is the prepositional construction 'from/by', not the numeral 'hundred'.	CONFIRMED
AUDITED_OL_NORMALIZATION_MANIFEST				1KI 5:14	HEB	DROP_EXPR	1		מֵאֵת֙	100		LEXICAL_FALSE_POSITIVE	Pointed מֵאֵת/מֵאֶת is the prepositional construction 'from/by', not the numeral 'hundred'.	CONFIRMED
AUDITED_OL_NORMALIZATION_MANIFEST				1KI 6:24	HEB	REPLACE_VERSE_VALUES			וְחָמֵ֣שׁ | הָֽאֶחָ֔ת וְחָמֵ֣שׁ | הַשֵּׁנִ֑ית עֶ֣שֶׂר | הַשֵּׁנִ֑ית עֶ֣שֶׂר	5;6;2;10	5;1;5;2;10	STRUCTURAL_COMPOSITION	Reviewed OL syntax requires independent values in source order; prior seed merged or omitted expression boundaries.	CONFIRMED
AUDITED_OL_NORMALIZATION_MANIFEST				1KI 6:33	HEB	DROP_EXPR	1		מֵאֵ֖ת	100		LEXICAL_FALSE_POSITIVE	Pointed מֵאֵת/מֵאֶת is the prepositional construction 'from/by', not the numeral 'hundred'.	CONFIRMED
AUDITED_OL_NORMALIZATION_MANIFEST				1KI 11:23	HEB	DROP_EXPR	1		מֵאֵ֛ת	100		LEXICAL_FALSE_POSITIVE	Pointed מֵאֵת/מֵאֶת is the prepositional construction 'from/by', not the numeral 'hundred'.	CONFIRMED
AUDITED_OL_NORMALIZATION_MANIFEST				1KI 13:6	HEB	DROP_EXPR	1		כְּבָרִֽאשֹׁנָֽה׃	1		LEXICAL_FALSE_POSITIVE	"Temporal/lexicalized ""formerly/as before/former things"" usage, not numeric rank one."	CONFIRMED
AUDITED_OL_NORMALIZATION_MANIFEST				1KI 16:24	HEB	DROP_EXPR	1		מֵ֥אֶת	100		LEXICAL_FALSE_POSITIVE	Pointed מֵאֵת/מֵאֶת is the prepositional construction 'from/by', not the numeral 'hundred'.	CONFIRMED
AUDITED_OL_NORMALIZATION_MANIFEST				1KI 18:44	HEB	ADD_EXPR			בַּשְּׁבִעִית		7	MISSING_OL_NUMERAL	Seventh is explicit in supplied Hebrew.	CONFIRMED
AUDITED_OL_NORMALIZATION_MANIFEST				1KI 20:34	HEB	DROP_EXPR	1		מֵאֵ֨ת	100		LEXICAL_FALSE_POSITIVE	Pointed מֵאֵת/מֵאֶת is the prepositional construction 'from/by', not the numeral 'hundred'.	CONFIRMED
AUDITED_OL_NORMALIZATION_MANIFEST				1SA 2:23	HEB	DROP_EXPR	1		מֵאֵ֖ת	100		LEXICAL_FALSE_POSITIVE	Pointed מֵאֵת/מֵאֶת is the prepositional construction 'from/by', not the numeral 'hundred'.	CONFIRMED
AUDITED_OL_NORMALIZATION_MANIFEST				1SA 7:14	HEB	DROP_EXPR	1		מֵאֵ֨ת	100		LEXICAL_FALSE_POSITIVE	Pointed מֵאֵת/מֵאֶת is the prepositional construction 'from/by', not the numeral 'hundred'.	CONFIRMED
AUDITED_OL_NORMALIZATION_MANIFEST				1SA 14:28	HEB	DROP_EXPR	1		הַשְׁבֵּעַ֩	7		LEXICAL_FALSE_POSITIVE	verb of swearing/adjuration, not seven	CONFIRMED
AUDITED_OL_NORMALIZATION_MANIFEST				1SA 16:14	HEB	DROP_EXPR	1		מֵאֵ֥ת	100		LEXICAL_FALSE_POSITIVE	Pointed מֵאֵת/מֵאֶת is the prepositional construction 'from/by', not the numeral 'hundred'.	CONFIRMED
AUDITED_OL_NORMALIZATION_MANIFEST				1SA 25:2	HEB	REPLACE_VERSE_VALUES			שְׁלֹֽשֶׁת אֲלָפִ֖ים וְאֶ֣לֶף	4000	3000;1000	STRUCTURAL_COMPOSITION	Three thousand sheep and one thousand goats are distinct quantities.	CONFIRMED
AUDITED_OL_NORMALIZATION_MANIFEST				1SA 29:2	HEB	REPLACE_VERSE_VALUES			לְמֵא֖וֹת וְלַאֲלָפִ֑ים	1100	100;1000	STRUCTURAL_COMPOSITION	Reviewed OL syntax requires independent values in source order; prior seed merged or omitted expression boundaries.	CONFIRMED
AUDITED_OL_NORMALIZATION_MANIFEST				2CH 1:2	HEB	REPLACE_VERSE_VALUES			הָאֲלָפִ֨ים וְהַמֵּא֜וֹת	1100	1000;100	STRUCTURAL_COMPOSITION	Reviewed OL syntax requires independent values in source order; prior seed merged or omitted expression boundaries.	CONFIRMED
AUDITED_OL_NORMALIZATION_MANIFEST				2KI 4:3	HEB	DROP_EXPR	1		מֵאֵ֖ת	100		LEXICAL_FALSE_POSITIVE	Pointed מֵאֵת/מֵאֶת is the prepositional construction 'from/by', not the numeral 'hundred'.	CONFIRMED
AUDITED_OL_NORMALIZATION_MANIFEST				2KI 4:28	HEB	DROP_EXPR	1		מֵאֵ֣ת	100		LEXICAL_FALSE_POSITIVE	Pointed מֵאֵת/מֵאֶת is the prepositional construction 'from/by', not the numeral 'hundred'.	CONFIRMED
AUDITED_OL_NORMALIZATION_MANIFEST				2KI 5:15	HEB	DROP_EXPR	1		מֵאֵ֥ת	100		LEXICAL_FALSE_POSITIVE	Pointed מֵאֵת/מֵאֶת is the prepositional construction 'from/by', not the numeral 'hundred'.	CONFIRMED
AUDITED_OL_NORMALIZATION_MANIFEST				2KI 6:33	HEB	DROP_EXPR	1		מֵאֵ֣ת	100		LEXICAL_FALSE_POSITIVE	Pointed מֵאֵת/מֵאֶת is the prepositional construction 'from/by', not the numeral 'hundred'.	CONFIRMED
AUDITED_OL_NORMALIZATION_MANIFEST				2KI 8:14	HEB	DROP_EXPR	1		מֵאֵ֣ת	100		LEXICAL_FALSE_POSITIVE	Pointed מֵאֵת/מֵאֶת is the prepositional construction 'from/by', not the numeral 'hundred'.	CONFIRMED
AUDITED_OL_NORMALIZATION_MANIFEST				2KI 9:32	HEB	REPLACE_VERSE_VALUES			שְׁנַ֥יִם שְׁלֹשָׁ֖ה	5	2;3	STRUCTURAL_COMPOSITION	Reviewed OL syntax requires independent values in source order; prior seed merged or omitted expression boundaries.	CONFIRMED
AUDITED_OL_NORMALIZATION_MANIFEST				2KI 12:6	HEB	DROP_EXPR	1		מֵאֵ֣ת	100		LEXICAL_FALSE_POSITIVE	Pointed מֵאֵת/מֵאֶת is the prepositional construction 'from/by', not the numeral 'hundred'.	CONFIRMED
AUDITED_OL_NORMALIZATION_MANIFEST				2KI 12:8	HEB	DROP_EXPR	1		מֵאֵ֣ת	100		LEXICAL_FALSE_POSITIVE	Pointed מֵאֵת/מֵאֶת is the prepositional construction 'from/by', not the numeral 'hundred'.	CONFIRMED
AUDITED_OL_NORMALIZATION_MANIFEST				2KI 12:9	HEB	DROP_EXPR	1		מֵאֵ֣ת	100		LEXICAL_FALSE_POSITIVE	Pointed מֵאֵת/מֵאֶת is the prepositional construction 'from/by', not the numeral 'hundred'.	CONFIRMED
AUDITED_OL_NORMALIZATION_MANIFEST				2KI 16:14	HEB	DROP_EXPR	1		מֵאֵת֙	100		LEXICAL_FALSE_POSITIVE	Pointed מֵאֵת/מֵאֶת is the prepositional construction 'from/by', not the numeral 'hundred'.	CONFIRMED
AUDITED_OL_NORMALIZATION_MANIFEST				2KI 20:9	HEB	DROP_EXPR	1		מֵאֵ֣ת	100		LEXICAL_FALSE_POSITIVE	Pointed מֵאֵת/מֵאֶת is the prepositional construction 'from/by', not the numeral 'hundred'.	CONFIRMED
AUDITED_OL_NORMALIZATION_MANIFEST				2KI 22:4	HEB	DROP_EXPR	1		מֵאֵ֥ת	100		LEXICAL_FALSE_POSITIVE	Pointed מֵאֵת/מֵאֶת is the prepositional construction 'from/by', not the numeral 'hundred'.	CONFIRMED
AUDITED_OL_NORMALIZATION_MANIFEST				2KI 25:30	HEB	DROP_EXPR	1		מֵאֵ֥ת	100		LEXICAL_FALSE_POSITIVE	Pointed מֵאֵת/מֵאֶת is the prepositional construction 'from/by', not the numeral 'hundred'.	CONFIRMED
AUDITED_OL_NORMALIZATION_MANIFEST				2SA 2:23	HEB	DROP_EXPR	1		הַחֹ֗מֶשׁ	1/5		LEXICAL_FALSE_POSITIVE	abdomen/belly noun, not one-fifth	CONFIRMED
AUDITED_OL_NORMALIZATION_MANIFEST				2SA 3:27	HEB	DROP_EXPR	1		הַחֹ֔מֶשׁ	1/5		LEXICAL_FALSE_POSITIVE	abdomen/belly noun, not one-fifth	CONFIRMED
AUDITED_OL_NORMALIZATION_MANIFEST				2SA 4:6	HEB	DROP_EXPR	1		הַחֹ֑מֶשׁ	1/5		LEXICAL_FALSE_POSITIVE	abdomen/belly noun, not one-fifth	CONFIRMED
AUDITED_OL_NORMALIZATION_MANIFEST				2SA 15:3	HEB	DROP_EXPR	1		מֵאֵ֥ת	100		LEXICAL_FALSE_POSITIVE	Pointed מֵאֵת/מֵאֶת is the prepositional construction 'from/by', not the numeral 'hundred'.	CONFIRMED
AUDITED_OL_NORMALIZATION_MANIFEST				2SA 18:4	HEB	REPLACE_VERSE_VALUES			לְמֵא֖וֹת וְלַאֲלָפִֽים׃	1100	100;1000	STRUCTURAL_COMPOSITION	Reviewed OL syntax requires independent values in source order; prior seed merged or omitted expression boundaries.	CONFIRMED
AUDITED_OL_NORMALIZATION_MANIFEST				2SA 20:10	HEB	DROP_EXPR	1		הַחֹ֜מֶשׁ	1/5		LEXICAL_FALSE_POSITIVE	abdomen/belly noun, not one-fifth	CONFIRMED
AUDITED_OL_NORMALIZATION_MANIFEST				2SA 21:12	HEB	DROP_EXPR	1		מֵאֵ֕ת	100		LEXICAL_FALSE_POSITIVE	Pointed מֵאֵת/מֵאֶת is the prepositional construction 'from/by', not the numeral 'hundred'.	CONFIRMED
AUDITED_OL_NORMALIZATION_MANIFEST				2SA 21:20	HEB	REPLACE_VERSE_VALUES			שֵׁ֣שׁ וָשֵׁ֗שׁ עֶשְׂרִ֤ים וְאַרְבַּע֙ | שֵׁ֣שׁ וָשֵׁ֗שׁ עֶשְׂרִ֤ים וְאַרְבַּע֙	6;30	6;6;24	STRUCTURAL_COMPOSITION	Reviewed OL syntax requires independent values in source order; prior seed merged or omitted expression boundaries.	CONFIRMED
AUDITED_OL_NORMALIZATION_MANIFEST				2SA 23:13	HEB	REPLACE_VERSE_VALUES			שְׁלֹשָׁ֜ה מֵהַשְּׁלֹשִׁ֣ים	33	3;30	STRUCTURAL_COMPOSITION	Reviewed OL syntax requires independent values in source order; prior seed merged or omitted expression boundaries.	CONFIRMED
AUDITED_OL_NORMALIZATION_MANIFEST				DAN 1:10	HEB	DROP_EXPR	1		מִשְׁתֵּיכֶ֑ם	2		LEXICAL_FALSE_POSITIVE	drink/feasting noun, not two	CONFIRMED
AUDITED_OL_NORMALIZATION_MANIFEST				DAN 1:16	HEB	DROP_EXPR	1		מִשְׁתֵּיהֶ֑ם	2		LEXICAL_FALSE_POSITIVE	drink/feasting noun, not two	CONFIRMED
AUDITED_OL_NORMALIZATION_MANIFEST				DEU 2:8	HEB	DROP_EXPR	1		מֵאֵ֧ת	100		LEXICAL_FALSE_POSITIVE	Pointed מֵאֵת/מֵאֶת is the prepositional construction 'from/by', not the numeral 'hundred'.	CONFIRMED
AUDITED_OL_NORMALIZATION_MANIFEST				DEU 14:22	HEB	REPLACE_EXPR	1		עַשֵּׂ֣ר	10	1/10	SEMANTIC_FRACTION	Verb denotes tithing/giving a tenth; normalize semantic quantity to 1/10.	CONFIRMED
AUDITED_OL_NORMALIZATION_MANIFEST				DEU 18:3	HEB	DROP_EXPR	1		מֵאֵ֣ת	100		LEXICAL_FALSE_POSITIVE	Pointed מֵאֵת/מֵאֶת is the prepositional construction 'from/by', not the numeral 'hundred'.	CONFIRMED
AUDITED_OL_NORMALIZATION_MANIFEST				DEU 18:3	HEB	DROP_EXPR	2		מֵאֵ֛ת	100		LEXICAL_FALSE_POSITIVE	Pointed מֵאֵת/מֵאֶת is the prepositional construction 'from/by', not the numeral 'hundred'.	CONFIRMED
AUDITED_OL_NORMALIZATION_MANIFEST				DEU 32:30	HEB	REPLACE_VERSE_VALUES			אֶחָד֙ אֶ֔לֶף וּשְׁנַ֖יִם | רְבָבָ֑ה	1002;10000	1;1000;2;10000	STRUCTURAL_COMPOSITION	Reviewed OL syntax requires independent values in source order; prior seed merged or omitted expression boundaries.	CONFIRMED
AUDITED_OL_NORMALIZATION_MANIFEST				EST 1:6	HEB	DROP_EXPR	1		שֵׁ֑שׁ	6		LEXICAL_FALSE_POSITIVE	Context identifies שֵׁשׁ as fine linen/cotton/marble material, not the numeral six.	CONFIRMED
AUDITED_OL_NORMALIZATION_MANIFEST				EST 1:6	HEB	DROP_EXPR	2		וָשֵׁ֖שׁ	6		LEXICAL_FALSE_POSITIVE	Context identifies שֵׁשׁ as fine linen/cotton/marble material, not the numeral six.	CONFIRMED
AUDITED_OL_NORMALIZATION_MANIFEST				EST 1:9	HEB	DROP_EXPR	1		וַשְׁתִּ֣י	2		LEXICAL_FALSE_POSITIVE	proper name Vashti, not two	CONFIRMED
AUDITED_OL_NORMALIZATION_MANIFEST				EST 1:11	HEB	DROP_EXPR	1		וַשְׁתִּ֧י	2		LEXICAL_FALSE_POSITIVE	proper name Vashti, not two	CONFIRMED
AUDITED_OL_NORMALIZATION_MANIFEST				EST 1:12	HEB	DROP_EXPR	1		וַשְׁתִּ֗י	2		LEXICAL_FALSE_POSITIVE	proper name Vashti, not two	CONFIRMED
AUDITED_OL_NORMALIZATION_MANIFEST				EST 1:15	HEB	DROP_EXPR	1		וַשְׁתִּ֑י	2		LEXICAL_FALSE_POSITIVE	proper name Vashti, not two	CONFIRMED
AUDITED_OL_NORMALIZATION_MANIFEST				EST 1:16	HEB	DROP_EXPR	1		וַשְׁתִּ֣י	2		LEXICAL_FALSE_POSITIVE	proper name Vashti, not two	CONFIRMED
AUDITED_OL_NORMALIZATION_MANIFEST				EST 1:17	HEB	DROP_EXPR	1		וַשְׁתִּ֧י	2		LEXICAL_FALSE_POSITIVE	proper name Vashti, not two	CONFIRMED
AUDITED_OL_NORMALIZATION_MANIFEST				EST 1:19	HEB	DROP_EXPR	1		וַשְׁתִּ֗י	2		LEXICAL_FALSE_POSITIVE	proper name Vashti, not two	CONFIRMED
AUDITED_OL_NORMALIZATION_MANIFEST				EST 2:1	HEB	DROP_EXPR	1		וַשְׁתִּי֙	2		LEXICAL_FALSE_POSITIVE	proper name Vashti, not two	CONFIRMED
AUDITED_OL_NORMALIZATION_MANIFEST				EST 2:4	HEB	DROP_EXPR	1		וַשְׁתִּ֑י	2		LEXICAL_FALSE_POSITIVE	proper name Vashti, not two	CONFIRMED
AUDITED_OL_NORMALIZATION_MANIFEST				EST 2:17	HEB	DROP_EXPR	1		וַשְׁתִּֽי׃	2		LEXICAL_FALSE_POSITIVE	proper name Vashti, not two	CONFIRMED
AUDITED_OL_NORMALIZATION_MANIFEST				EST 7:7	HEB	DROP_EXPR	1		מֵאֵ֥ת	100		LEXICAL_FALSE_POSITIVE	Pointed מֵאֵת/מֵאֶת is the prepositional construction 'from/by', not the numeral 'hundred'.	CONFIRMED
AUDITED_OL_NORMALIZATION_MANIFEST				EXO 5:20	HEB	DROP_EXPR	1		מֵאֵ֥ת	100		LEXICAL_FALSE_POSITIVE	Pointed מֵאֵת/מֵאֶת is the prepositional construction 'from/by', not the numeral 'hundred'.	CONFIRMED
AUDITED_OL_NORMALIZATION_MANIFEST				EXO 10:11	HEB	DROP_EXPR	1		מֵאֵ֖ת	100		LEXICAL_FALSE_POSITIVE	Pointed מֵאֵת/מֵאֶת is the prepositional construction 'from/by', not the numeral 'hundred'.	CONFIRMED
AUDITED_OL_NORMALIZATION_MANIFEST				EXO 11:2	HEB	DROP_EXPR	1		מֵאֵ֣ת	100		LEXICAL_FALSE_POSITIVE	Pointed מֵאֵת/מֵאֶת is the prepositional construction 'from/by', not the numeral 'hundred'.	CONFIRMED
AUDITED_OL_NORMALIZATION_MANIFEST				EXO 11:2	HEB	DROP_EXPR	2		מֵאֵ֣ת	100		LEXICAL_FALSE_POSITIVE	Pointed מֵאֵת/מֵאֶת is the prepositional construction 'from/by', not the numeral 'hundred'.	CONFIRMED
AUDITED_OL_NORMALIZATION_MANIFEST				EXO 12:40	HEB	REPLACE_VERSE_VALUES			שְׁלֹשִׁ֣ים | וְאַרְבַּ֥ע מֵא֖וֹת	30;400	430	SEMANTIC_COMPOUND	Multiple additive constituents form one semantic numeric quantity (age, duration, tribal count, or mixed fraction).	CONFIRMED
AUDITED_OL_NORMALIZATION_MANIFEST				EXO 12:41	HEB	REPLACE_VERSE_VALUES			שְׁלֹשִׁ֣ים | וְאַרְבַּ֥ע מֵא֖וֹת	30;400	430	SEMANTIC_COMPOUND	Multiple additive constituents form one semantic numeric quantity (age, duration, tribal count, or mixed fraction).	CONFIRMED
AUDITED_OL_NORMALIZATION_MANIFEST				EXO 13:19	HEB	DROP_EXPR	1		הַשְׁבֵּ֨עַ	7		LEXICAL_FALSE_POSITIVE	verb of swearing/adjuration, not seven	CONFIRMED
AUDITED_OL_NORMALIZATION_MANIFEST				EXO 25:2	HEB	DROP_EXPR	1		מֵאֵ֤ת	100		LEXICAL_FALSE_POSITIVE	Pointed מֵאֵת/מֵאֶת is the prepositional construction 'from/by', not the numeral 'hundred'.	CONFIRMED
AUDITED_OL_NORMALIZATION_MANIFEST				EXO 25:4	HEB	DROP_EXPR	1		וְשֵׁ֥שׁ	6		LEXICAL_FALSE_POSITIVE	Context identifies שֵׁשׁ as fine linen/cotton/marble material, not the numeral six.	CONFIRMED
AUDITED_OL_NORMALIZATION_MANIFEST				EXO 25:10	HEB	REPLACE_VERSE_VALUES			אַמָּתַ֨יִם וָחֵ֜צִי | וָחֵ֙צִי֙ | וָחֵ֖צִי	1;1/2;1/2	5/2;3/2;3/2	STRUCTURAL_COMPOSITION	Mixed-number dimensions: two-and-a-half, one-and-a-half, one-and-a-half.	CONFIRMED
AUDITED_OL_NORMALIZATION_MANIFEST				EXO 25:32	HEB	REPLACE_VERSE_VALUES			וְשִׁשָּׁ֣ה | שְׁלֹשָׁ֣ה_׀ | הָאֶחָ֔ד וּשְׁלֹשָׁה֙ | הַשֵּׁנִֽי׃	6;3;4;2	6;3;1;3;2	STRUCTURAL_COMPOSITION	Six branches; three on the first side and three on the second side; keep independent rank/count values.	CONFIRMED
AUDITED_OL_NORMALIZATION_MANIFEST				EXO 26:1	HEB	DROP_EXPR	2		שֵׁ֣שׁ	6		LEXICAL_FALSE_POSITIVE	Context identifies שֵׁשׁ as fine linen/cotton/marble material, not the numeral six.	CONFIRMED
AUDITED_OL_NORMALIZATION_MANIFEST				EXO 26:5	HEB	REPLACE_VERSE_VALUES			חֲמִשִּׁ֣ים | הָאֶחָת֒ וַחֲמִשִּׁ֣ים | הַשֵּׁנִ֑ית	50;51;2	50;1;50;2	STRUCTURAL_COMPOSITION	Fifty loops on one curtain and fifty on the second; do not sum adjacent independent quantities.	CONFIRMED
AUDITED_OL_NORMALIZATION_MANIFEST				EXO 26:31	HEB	DROP_EXPR	1		וְשֵׁ֣שׁ	6		LEXICAL_FALSE_POSITIVE	Context identifies שֵׁשׁ as fine linen/cotton/marble material, not the numeral six.	CONFIRMED
AUDITED_OL_NORMALIZATION_MANIFEST				EXO 26:36	HEB	DROP_EXPR	1		וְשֵׁ֣שׁ	6		LEXICAL_FALSE_POSITIVE	Context identifies שֵׁשׁ as fine linen/cotton/marble material, not the numeral six.	CONFIRMED
AUDITED_OL_NORMALIZATION_MANIFEST				EXO 27:9	HEB	DROP_EXPR	1		שֵׁ֣שׁ	6		LEXICAL_FALSE_POSITIVE	Context identifies שֵׁשׁ as fine linen/cotton/marble material, not the numeral six.	CONFIRMED
AUDITED_OL_NORMALIZATION_MANIFEST				EXO 27:16	HEB	DROP_EXPR	2		וְשֵׁ֥שׁ	6		LEXICAL_FALSE_POSITIVE	Context identifies שֵׁשׁ as fine linen/cotton/marble material, not the numeral six.	CONFIRMED
AUDITED_OL_NORMALIZATION_MANIFEST				EXO 27:18	HEB	DROP_EXPR	5		שֵׁ֣שׁ	6		LEXICAL_FALSE_POSITIVE	Context identifies שֵׁשׁ as fine linen/cotton/marble material, not the numeral six.	CONFIRMED
AUDITED_OL_NORMALIZATION_MANIFEST				EXO 27:21	HEB	DROP_EXPR	1		מֵאֵ֖ת	100		LEXICAL_FALSE_POSITIVE	Pointed מֵאֵת/מֵאֶת is the prepositional construction 'from/by', not the numeral 'hundred'.	CONFIRMED
AUDITED_OL_NORMALIZATION_MANIFEST				EXO 28:6	HEB	DROP_EXPR	1		וְשֵׁ֥שׁ	6		LEXICAL_FALSE_POSITIVE	Context identifies שֵׁשׁ as fine linen/cotton/marble material, not the numeral six.	CONFIRMED
AUDITED_OL_NORMALIZATION_MANIFEST				EXO 28:8	HEB	DROP_EXPR	1		וְשֵׁ֥שׁ	6		LEXICAL_FALSE_POSITIVE	Context identifies שֵׁשׁ as fine linen/cotton/marble material, not the numeral six.	CONFIRMED
AUDITED_OL_NORMALIZATION_MANIFEST				EXO 28:15	HEB	DROP_EXPR	1		וְשֵׁ֥שׁ	6		LEXICAL_FALSE_POSITIVE	Context identifies שֵׁשׁ as fine linen/cotton/marble material, not the numeral six.	CONFIRMED
AUDITED_OL_NORMALIZATION_MANIFEST				EXO 28:21	HEB	REPLACE_VERSE_VALUES			שְׁתֵּ֥ים עֶשְׂרֵ֖ה | לִשְׁנֵ֥י עָשָׂ֖ר | לִשְׁנֵ֥י עָשָׂ֖ר	12;2;10	12;12	STRUCTURAL_COMPOSITION	Both phrases שְׁתֵּים/שְׁנֵי עָשָׂר are the compound numeral twelve.	CONFIRMED
AUDITED_OL_NORMALIZATION_MANIFEST				EXO 28:39	HEB	DROP_EXPR	1		שֵׁ֔שׁ	6		LEXICAL_FALSE_POSITIVE	Context identifies שֵׁשׁ as fine linen/cotton/marble material, not the numeral six.	CONFIRMED
AUDITED_OL_NORMALIZATION_MANIFEST				EXO 28:39	HEB	DROP_EXPR	2		שֵׁ֑שׁ	6		LEXICAL_FALSE_POSITIVE	Context identifies שֵׁשׁ as fine linen/cotton/marble material, not the numeral six.	CONFIRMED
AUDITED_OL_NORMALIZATION_MANIFEST				EXO 29:28	HEB	DROP_EXPR	1		מֵאֵת֙	100		LEXICAL_FALSE_POSITIVE	Pointed מֵאֵת/מֵאֶת is the prepositional construction 'from/by', not the numeral 'hundred'.	CONFIRMED
AUDITED_OL_NORMALIZATION_MANIFEST				EXO 29:28	HEB	DROP_EXPR	2		מֵאֵ֤ת	100		LEXICAL_FALSE_POSITIVE	Pointed מֵאֵת/מֵאֶת is the prepositional construction 'from/by', not the numeral 'hundred'.	CONFIRMED
AUDITED_OL_NORMALIZATION_MANIFEST				EXO 30:16	HEB	DROP_EXPR	1		מֵאֵת֙	100		LEXICAL_FALSE_POSITIVE	Pointed מֵאֵת/מֵאֶת is the prepositional construction 'from/by', not the numeral 'hundred'.	CONFIRMED
AUDITED_OL_NORMALIZATION_MANIFEST				EXO 35:6	HEB	DROP_EXPR	1		וְשֵׁ֥שׁ	6		LEXICAL_FALSE_POSITIVE	Context identifies שֵׁשׁ as fine linen/cotton/marble material, not the numeral six.	CONFIRMED
AUDITED_OL_NORMALIZATION_MANIFEST				EXO 35:23	HEB	DROP_EXPR	1		וְשֵׁ֣שׁ	6		LEXICAL_FALSE_POSITIVE	Context identifies שֵׁשׁ as fine linen/cotton/marble material, not the numeral six.	CONFIRMED
AUDITED_OL_NORMALIZATION_MANIFEST				EXO 36:8	HEB	DROP_EXPR	2		שֵׁ֣שׁ	6		LEXICAL_FALSE_POSITIVE	Context identifies שֵׁשׁ as fine linen/cotton/marble material, not the numeral six.	CONFIRMED
AUDITED_OL_NORMALIZATION_MANIFEST				EXO 36:12	HEB	REPLACE_VERSE_VALUES			חֲמִשִּׁ֣ים | הָאֶחָת֒ וַחֲמִשִּׁ֣ים | הַשֵּׁנִ֑ית | אַחַ֖ת | אֶחָֽת׃	50;51;2;1;1	50;1;50;2;1;1	STRUCTURAL_COMPOSITION	Parallel loop construction: preserve 50/one/50/second and the final one-to-one relation.	CONFIRMED
AUDITED_OL_NORMALIZATION_MANIFEST				EXO 36:35	HEB	DROP_EXPR	1		וְשֵׁ֣שׁ	6		LEXICAL_FALSE_POSITIVE	Context identifies שֵׁשׁ as fine linen/cotton/marble material, not the numeral six.	CONFIRMED
AUDITED_OL_NORMALIZATION_MANIFEST				EXO 36:37	HEB	DROP_EXPR	1		וְשֵׁ֣שׁ	6		LEXICAL_FALSE_POSITIVE	Context identifies שֵׁשׁ as fine linen/cotton/marble material, not the numeral six.	CONFIRMED
AUDITED_OL_NORMALIZATION_MANIFEST				EXO 37:18	HEB	REPLACE_VERSE_VALUES			וְשִׁשָּׁ֣ה | שְׁלֹשָׁ֣ה_׀ | הָֽאֶחָ֔ד וּשְׁלֹשָׁה֙ | הַשֵּׁנִֽי׃	6;3;4;2	6;3;1;3;2	STRUCTURAL_COMPOSITION	Six branches; three on first side, three on second side.	CONFIRMED
AUDITED_OL_NORMALIZATION_MANIFEST				EXO 38:9	HEB	DROP_EXPR	1		שֵׁ֣שׁ	6		LEXICAL_FALSE_POSITIVE	Context identifies שֵׁשׁ as fine linen/cotton/marble material, not the numeral six.	CONFIRMED
AUDITED_OL_NORMALIZATION_MANIFEST				EXO 38:16	HEB	DROP_EXPR	1		שֵׁ֥שׁ	6		LEXICAL_FALSE_POSITIVE	Context identifies שֵׁשׁ as fine linen/cotton/marble material, not the numeral six.	CONFIRMED
AUDITED_OL_NORMALIZATION_MANIFEST				EXO 38:18	HEB	DROP_EXPR	1		וְשֵׁ֣שׁ	6		LEXICAL_FALSE_POSITIVE	Context identifies שֵׁשׁ as fine linen/cotton/marble material, not the numeral six.	CONFIRMED
AUDITED_OL_NORMALIZATION_MANIFEST				EXO 39:2	HEB	DROP_EXPR	1		וְשֵׁ֥שׁ	6		LEXICAL_FALSE_POSITIVE	Context identifies שֵׁשׁ as fine linen/cotton/marble material, not the numeral six.	CONFIRMED
AUDITED_OL_NORMALIZATION_MANIFEST				EXO 39:5	HEB	DROP_EXPR	1		וְשֵׁ֣שׁ	6		LEXICAL_FALSE_POSITIVE	Context identifies שֵׁשׁ as fine linen/cotton/marble material, not the numeral six.	CONFIRMED
AUDITED_OL_NORMALIZATION_MANIFEST				EXO 39:8	HEB	DROP_EXPR	1		וְשֵׁ֥שׁ	6		LEXICAL_FALSE_POSITIVE	Context identifies שֵׁשׁ as fine linen/cotton/marble material, not the numeral six.	CONFIRMED
AUDITED_OL_NORMALIZATION_MANIFEST				EXO 39:27	HEB	DROP_EXPR	1		שֵׁ֖שׁ	6		LEXICAL_FALSE_POSITIVE	Context identifies שֵׁשׁ as fine linen/cotton/marble material, not the numeral six.	CONFIRMED
AUDITED_OL_NORMALIZATION_MANIFEST				EXO 39:28	HEB	DROP_EXPR	1		שֵׁ֔שׁ	6		LEXICAL_FALSE_POSITIVE	Context identifies שֵׁשׁ as fine linen/cotton/marble material, not the numeral six.	CONFIRMED
AUDITED_OL_NORMALIZATION_MANIFEST				EXO 39:28	HEB	DROP_EXPR	2		שֵׁ֑שׁ	6		LEXICAL_FALSE_POSITIVE	Context identifies שֵׁשׁ as fine linen/cotton/marble material, not the numeral six.	CONFIRMED
AUDITED_OL_NORMALIZATION_MANIFEST				EXO 39:28	HEB	DROP_EXPR	3		שֵׁ֥שׁ	6		LEXICAL_FALSE_POSITIVE	Context identifies שֵׁשׁ as fine linen/cotton/marble material, not the numeral six.	CONFIRMED
AUDITED_OL_NORMALIZATION_MANIFEST				EXO 39:29	HEB	DROP_EXPR	1		שֵׁ֣שׁ	6		LEXICAL_FALSE_POSITIVE	Context identifies שֵׁשׁ as fine linen/cotton/marble material, not the numeral six.	CONFIRMED
AUDITED_OL_NORMALIZATION_MANIFEST				EZK 16:13	HEB	DROP_EXPR	1		שֵׁ֤שׁ	6		LEXICAL_FALSE_POSITIVE	Context identifies שֵׁשׁ as fine linen/cotton/marble material, not the numeral six.	CONFIRMED
AUDITED_OL_NORMALIZATION_MANIFEST				EZK 17:24	HEB	DROP_EXPR	1		הוֹבַ֙שְׁתִּי֙	2		LEXICAL_FALSE_POSITIVE	"verb ""I dried up"", not two"	CONFIRMED
AUDITED_OL_NORMALIZATION_MANIFEST				EZK 27:7	HEB	DROP_EXPR	1		שֵׁשׁ	6		LEXICAL_FALSE_POSITIVE	Context identifies שֵׁשׁ as fine linen/cotton/marble material, not the numeral six.	CONFIRMED
AUDITED_OL_NORMALIZATION_MANIFEST				EZK 33:30	HEB	DROP_EXPR	3		מֵאֵ֥ת	100		LEXICAL_FALSE_POSITIVE	Pointed מֵאֵת/מֵאֶת is the prepositional construction 'from/by', not the numeral 'hundred'.	CONFIRMED
AUDITED_OL_NORMALIZATION_MANIFEST				EZK 41:6	HEB	REPLACE_VERSE_VALUES			שָׁל֧וֹשׁ וּשְׁלֹשִׁ֣ים	33	33	SEMANTIC_COMPOUND	Supplied OL forms a single compound number; NIV restructuring does not change OL normalization.	CONFIRMED
AUDITED_OL_NORMALIZATION_MANIFEST				EZK 48:20	HEB	REPLACE_VERSE_VALUES			חֲמִשָּׁ֤ה וְעֶשְׂרִים֙ אֶ֔לֶף בַּחֲמִשָּׁ֥ה וְעֶשְׂרִ֖ים אָ֑לֶף רְבִיעִ֗ית | חֲמִשָּׁ֤ה וְעֶשְׂרִים֙ אֶ֔לֶף בַּחֲמִשָּׁ֥ה וְעֶשְׂרִ֖ים אָ֑לֶף רְבִיעִ֗ית	50000;4	25000;25000;4	STRUCTURAL_COMPOSITION	Twenty-five thousand by twenty-five thousand, four-sided/square; dimensions remain separate.	CONFIRMED
AUDITED_OL_NORMALIZATION_MANIFEST				EZR 8:22	HEB	DROP_EXPR	1		בֹ֗שְׁתִּי	2		LEXICAL_FALSE_POSITIVE	verb/noun of shame, not two	CONFIRMED
AUDITED_OL_NORMALIZATION_MANIFEST				EZR 9:6	HEB	DROP_EXPR	1		בֹּ֣שְׁתִּי	2		LEXICAL_FALSE_POSITIVE	verb/noun of shame, not two	CONFIRMED
AUDITED_OL_NORMALIZATION_MANIFEST				EZR 9:8	HEB	DROP_EXPR	1		מֵאֵ֣ת_׀	100		LEXICAL_FALSE_POSITIVE	Pointed מֵאֵת/מֵאֶת is the prepositional construction 'from/by', not the numeral 'hundred'.	CONFIRMED
AUDITED_OL_NORMALIZATION_MANIFEST				GEN 5:5	HEB	REPLACE_VERSE_VALUES			תְּשַׁ֤ע מֵאוֹת֙ | וּשְׁלֹשִׁ֖ים	900;30	930	SEMANTIC_COMPOUND	Multiple additive constituents form one semantic numeric quantity (age, duration, tribal count, or mixed fraction).	CONFIRMED
AUDITED_OL_NORMALIZATION_MANIFEST				GEN 5:6	HEB	REPLACE_VERSE_VALUES			חָמֵ֥שׁ | וּמְאַ֣ת	5;100	105	SEMANTIC_COMPOUND	Multiple additive constituents form one semantic numeric quantity (age, duration, tribal count, or mixed fraction).	CONFIRMED
AUDITED_OL_NORMALIZATION_MANIFEST				GEN 5:7	HEB	REPLACE_VERSE_VALUES			שֶׁ֣בַע | וּשְׁמֹנֶ֥ה מֵא֖וֹת	7;800	807	SEMANTIC_COMPOUND	Multiple additive constituents form one semantic numeric quantity (age, duration, tribal count, or mixed fraction).	CONFIRMED
AUDITED_OL_NORMALIZATION_MANIFEST				GEN 5:8	HEB	REPLACE_VERSE_VALUES			שְׁתֵּ֤ים עֶשְׂרֵה֙ | וּתְשַׁ֥ע מֵא֖וֹת	12;900	912	SEMANTIC_COMPOUND	Multiple additive constituents form one semantic numeric quantity (age, duration, tribal count, or mixed fraction).	CONFIRMED
AUDITED_OL_NORMALIZATION_MANIFEST				GEN 5:10	HEB	REPLACE_VERSE_VALUES			חֲמֵ֤שׁ עֶשְׂרֵה֙ | וּשְׁמֹנֶ֥ה מֵא֖וֹת	15;800	815	SEMANTIC_COMPOUND	Multiple additive constituents form one semantic numeric quantity (age, duration, tribal count, or mixed fraction).	CONFIRMED
AUDITED_OL_NORMALIZATION_MANIFEST				GEN 5:11	HEB	REPLACE_VERSE_VALUES			חָמֵ֣שׁ | וּתְשַׁ֥ע מֵא֖וֹת	5;900	905	SEMANTIC_COMPOUND	Multiple additive constituents form one semantic numeric quantity (age, duration, tribal count, or mixed fraction).	CONFIRMED
AUDITED_OL_NORMALIZATION_MANIFEST				GEN 5:13	HEB	REPLACE_VERSE_VALUES			אַרְבָּעִ֣ים | וּשְׁמֹנֶ֥ה מֵא֖וֹת	40;800	840	SEMANTIC_COMPOUND	Multiple additive constituents form one semantic numeric quantity (age, duration, tribal count, or mixed fraction).	CONFIRMED
AUDITED_OL_NORMALIZATION_MANIFEST				GEN 5:14	HEB	REPLACE_VERSE_VALUES			עֶ֣שֶׂר | וּתְשַׁ֥ע מֵא֖וֹת	10;900	910	SEMANTIC_COMPOUND	Multiple additive constituents form one semantic numeric quantity (age, duration, tribal count, or mixed fraction).	CONFIRMED
AUDITED_OL_NORMALIZATION_MANIFEST				GEN 5:15	HEB	REPLACE_VERSE_VALUES			חָמֵ֥שׁ | וְשִׁשִּׁ֣ים	5;60	65	SEMANTIC_COMPOUND	Multiple additive constituents form one semantic numeric quantity (age, duration, tribal count, or mixed fraction).	CONFIRMED
AUDITED_OL_NORMALIZATION_MANIFEST				GEN 5:16	HEB	REPLACE_VERSE_VALUES			שְׁלֹשִׁ֣ים | וּשְׁמֹנֶ֥ה מֵא֖וֹת	30;800	830	SEMANTIC_COMPOUND	Multiple additive constituents form one semantic numeric quantity (age, duration, tribal count, or mixed fraction).	CONFIRMED
AUDITED_OL_NORMALIZATION_MANIFEST				GEN 5:17	HEB	REPLACE_VERSE_VALUES			חָמֵ֤שׁ וְתִשְׁעִים֙ | וּשְׁמֹנֶ֥ה מֵא֖וֹת	95;800	895	SEMANTIC_COMPOUND	Multiple additive constituents form one semantic numeric quantity (age, duration, tribal count, or mixed fraction).	CONFIRMED
AUDITED_OL_NORMALIZATION_MANIFEST				GEN 5:18	HEB	REPLACE_VERSE_VALUES			שְׁתַּ֧יִם וְשִׁשִּׁ֛ים | וּמְאַ֣ת	62;100	162	SEMANTIC_COMPOUND	Multiple additive constituents form one semantic numeric quantity (age, duration, tribal count, or mixed fraction).	CONFIRMED
AUDITED_OL_NORMALIZATION_MANIFEST				GEN 5:20	HEB	REPLACE_VERSE_VALUES			שְׁתַּ֤יִם וְשִׁשִּׁים֙ | וּתְשַׁ֥ע מֵא֖וֹת	62;900	962	SEMANTIC_COMPOUND	Multiple additive constituents form one semantic numeric quantity (age, duration, tribal count, or mixed fraction).	CONFIRMED
AUDITED_OL_NORMALIZATION_MANIFEST				GEN 5:23	HEB	REPLACE_VERSE_VALUES			חָמֵ֤שׁ וְשִׁשִּׁים֙ | וּשְׁלֹ֥שׁ מֵא֖וֹת	65;300	365	SEMANTIC_COMPOUND	Multiple additive constituents form one semantic numeric quantity (age, duration, tribal count, or mixed fraction).	CONFIRMED
AUDITED_OL_NORMALIZATION_MANIFEST				GEN 5:25	HEB	REPLACE_VERSE_VALUES			שֶׁ֧בַע וּשְׁמֹנִ֛ים | וּמְאַ֣ת	87;100	187	SEMANTIC_COMPOUND	Multiple additive constituents form one semantic numeric quantity (age, duration, tribal count, or mixed fraction).	CONFIRMED
AUDITED_OL_NORMALIZATION_MANIFEST				GEN 5:26	HEB	REPLACE_VERSE_VALUES			שְׁתַּ֤יִם וּשְׁמוֹנִים֙ | וּשְׁבַ֥ע מֵא֖וֹת	82;700	782	SEMANTIC_COMPOUND	Multiple additive constituents form one semantic numeric quantity (age, duration, tribal count, or mixed fraction).	CONFIRMED
AUDITED_OL_NORMALIZATION_MANIFEST				GEN 5:27	HEB	REPLACE_VERSE_VALUES			תֵּ֤שַׁע וְשִׁשִּׁים֙ | וּתְשַׁ֥ע מֵא֖וֹת	69;900	969	SEMANTIC_COMPOUND	Multiple additive constituents form one semantic numeric quantity (age, duration, tribal count, or mixed fraction).	CONFIRMED
AUDITED_OL_NORMALIZATION_MANIFEST				GEN 5:28	HEB	REPLACE_VERSE_VALUES			שְׁתַּ֧יִם וּשְׁמֹנִ֛ים | וּמְאַ֣ת	82;100	182	SEMANTIC_COMPOUND	Multiple additive constituents form one semantic numeric quantity (age, duration, tribal count, or mixed fraction).	CONFIRMED
AUDITED_OL_NORMALIZATION_MANIFEST				GEN 5:30	HEB	REPLACE_VERSE_VALUES			חָמֵ֤שׁ וְתִשְׁעִים֙ | וַחֲמֵ֥שׁ מֵאֹ֖ת	95;500	595	SEMANTIC_COMPOUND	Multiple additive constituents form one semantic numeric quantity (age, duration, tribal count, or mixed fraction).	CONFIRMED
AUDITED_OL_NORMALIZATION_MANIFEST				GEN 5:31	HEB	REPLACE_VERSE_VALUES			שֶׁ֤בַע וְשִׁבְעִים֙ | וּשְׁבַ֥ע מֵא֖וֹת	77;700	777	SEMANTIC_COMPOUND	Multiple additive constituents form one semantic numeric quantity (age, duration, tribal count, or mixed fraction).	CONFIRMED
AUDITED_OL_NORMALIZATION_MANIFEST				GEN 9:28	HEB	REPLACE_VERSE_VALUES			שְׁלֹ֤שׁ מֵאוֹת֙ | וֽ͏ַחֲמִשִּׁ֖ים	300;50	350	SEMANTIC_COMPOUND	Multiple additive constituents form one semantic numeric quantity (age, duration, tribal count, or mixed fraction).	CONFIRMED
AUDITED_OL_NORMALIZATION_MANIFEST				GEN 9:29	HEB	REPLACE_VERSE_VALUES			תְּשַׁ֤ע מֵאוֹת֙ | וַחֲמִשִּׁ֖ים	900;50	950	SEMANTIC_COMPOUND	Multiple additive constituents form one semantic numeric quantity (age, duration, tribal count, or mixed fraction).	CONFIRMED
AUDITED_OL_NORMALIZATION_MANIFEST				GEN 11:13	HEB	REPLACE_VERSE_VALUES			שָׁלֹ֣שׁ | וְאַרְבַּ֥ע מֵא֖וֹת	3;400	403	SEMANTIC_COMPOUND	Multiple additive constituents form one semantic numeric quantity (age, duration, tribal count, or mixed fraction).	CONFIRMED
AUDITED_OL_NORMALIZATION_MANIFEST				GEN 11:15	HEB	REPLACE_VERSE_VALUES			שָׁלֹ֣שׁ | וְאַרְבַּ֥ע מֵא֖וֹת	3;400	403	SEMANTIC_COMPOUND	Multiple additive constituents form one semantic numeric quantity (age, duration, tribal count, or mixed fraction).	CONFIRMED
AUDITED_OL_NORMALIZATION_MANIFEST				GEN 11:17	HEB	REPLACE_VERSE_VALUES			שְׁלֹשִׁ֣ים | וְאַרְבַּ֥ע מֵא֖וֹת	30;400	430	SEMANTIC_COMPOUND	Multiple additive constituents form one semantic numeric quantity (age, duration, tribal count, or mixed fraction).	CONFIRMED
AUDITED_OL_NORMALIZATION_MANIFEST				GEN 11:19	HEB	REPLACE_VERSE_VALUES			תֵּ֥שַׁע | וּמָאתַ֣יִם	9;200	209	SEMANTIC_COMPOUND	Multiple additive constituents form one semantic numeric quantity (age, duration, tribal count, or mixed fraction).	CONFIRMED
AUDITED_OL_NORMALIZATION_MANIFEST				GEN 11:21	HEB	REPLACE_VERSE_VALUES			שֶׁ֥בַע | וּמָאתַ֣יִם	7;200	207	SEMANTIC_COMPOUND	Multiple additive constituents form one semantic numeric quantity (age, duration, tribal count, or mixed fraction).	CONFIRMED
AUDITED_OL_NORMALIZATION_MANIFEST				GEN 11:25	HEB	REPLACE_VERSE_VALUES			תְּשַֽׁע עֶשְׂרֵ֥ה | וּמְאַ֣ת	19;100	119	SEMANTIC_COMPOUND	Multiple additive constituents form one semantic numeric quantity (age, duration, tribal count, or mixed fraction).	CONFIRMED
AUDITED_OL_NORMALIZATION_MANIFEST				GEN 11:32	HEB	REPLACE_VERSE_VALUES			חָמֵ֥שׁ | וּמָאתַ֣יִם	5;200	205	SEMANTIC_COMPOUND	Multiple additive constituents form one semantic numeric quantity (age, duration, tribal count, or mixed fraction).	CONFIRMED
AUDITED_OL_NORMALIZATION_MANIFEST				GEN 12:4	HEB	REPLACE_VERSE_VALUES			חָמֵ֤שׁ | וְשִׁבְעִ֣ים	5;70	75	SEMANTIC_COMPOUND	Multiple additive constituents form one semantic numeric quantity (age, duration, tribal count, or mixed fraction).	CONFIRMED
AUDITED_OL_NORMALIZATION_MANIFEST				GEN 16:16	HEB	REPLACE_VERSE_VALUES			שְׁמֹנִ֥ים | וְשֵׁ֣שׁ	80;6	86	SEMANTIC_COMPOUND	Multiple additive constituents form one semantic numeric quantity (age, duration, tribal count, or mixed fraction).	CONFIRMED
AUDITED_OL_NORMALIZATION_MANIFEST				GEN 17:1	HEB	REPLACE_VERSE_VALUES			תִּשְׁעִ֥ים | וְתֵ֣שַׁע	90;9	99	SEMANTIC_COMPOUND	Multiple additive constituents form one semantic numeric quantity (age, duration, tribal count, or mixed fraction).	CONFIRMED
AUDITED_OL_NORMALIZATION_MANIFEST				GEN 17:27	HEB	DROP_EXPR	1		מֵאֵ֣ת	100		LEXICAL_FALSE_POSITIVE	Pointed מֵאֵת/מֵאֶת is the prepositional construction 'from/by', not the numeral 'hundred'.	CONFIRMED
AUDITED_OL_NORMALIZATION_MANIFEST				GEN 19:24	HEB	DROP_EXPR	1		מֵאֵ֥ת	100		LEXICAL_FALSE_POSITIVE	Pointed מֵאֵת/מֵאֶת is the prepositional construction 'from/by', not the numeral 'hundred'.	CONFIRMED
AUDITED_OL_NORMALIZATION_MANIFEST				GEN 23:1	HEB	DROP_EXPR	4		שְׁנֵ֖י	2		LEXICAL_FALSE_POSITIVE	"Here שְׁנֵי is the construct plural ""years of"", not the numeral ""two""."	CONFIRMED
AUDITED_OL_NORMALIZATION_MANIFEST				GEN 23:1	HEB	REPLACE_VERSE_VALUES			מֵאָ֥ה | וְעֶשְׂרִ֥ים | וְשֶׁ֣בַע | שְׁנֵ֖י	100;20;7;2	127	SEMANTIC_COMPOUND	Multiple additive constituents form one semantic numeric quantity (age, duration, tribal count, or mixed fraction).	CONFIRMED
AUDITED_OL_NORMALIZATION_MANIFEST				GEN 23:20	HEB	DROP_EXPR	1		מֵאֵ֖ת	100		LEXICAL_FALSE_POSITIVE	Pointed מֵאֵת/מֵאֶת is the prepositional construction 'from/by', not the numeral 'hundred'.	CONFIRMED
AUDITED_OL_NORMALIZATION_MANIFEST				GEN 25:7	HEB	DROP_EXPR	1		שְׁנֵֽי	2		LEXICAL_FALSE_POSITIVE	"Here שְׁנֵי is the construct plural ""years of"", not the numeral ""two""."	CONFIRMED
AUDITED_OL_NORMALIZATION_MANIFEST				GEN 25:7	HEB	REPLACE_VERSE_VALUES			שְׁנֵֽי | מְאַ֥ת | וְשִׁבְעִ֥ים | וְחָמֵ֥שׁ	2;100;70;5	175	SEMANTIC_COMPOUND	Multiple additive constituents form one semantic numeric quantity (age, duration, tribal count, or mixed fraction).	CONFIRMED
AUDITED_OL_NORMALIZATION_MANIFEST				GEN 25:10	HEB	DROP_EXPR	1		מֵאֵ֣ת	100		LEXICAL_FALSE_POSITIVE	Pointed מֵאֵת/מֵאֶת is the prepositional construction 'from/by', not the numeral 'hundred'.	CONFIRMED
AUDITED_OL_NORMALIZATION_MANIFEST				GEN 25:17	HEB	DROP_EXPR	1		שְׁנֵי֙	2		LEXICAL_FALSE_POSITIVE	"Here שְׁנֵי is the construct plural ""years of"", not the numeral ""two""."	CONFIRMED
AUDITED_OL_NORMALIZATION_MANIFEST				GEN 25:17	HEB	REPLACE_VERSE_VALUES			שְׁנֵי֙ | מְאַ֥ת | וּשְׁלֹשִׁ֥ים | וְשֶׁ֣בַע	2;100;30;7	137	SEMANTIC_COMPOUND	Multiple additive constituents form one semantic numeric quantity (age, duration, tribal count, or mixed fraction).	CONFIRMED
AUDITED_OL_NORMALIZATION_MANIFEST				GEN 27:30	HEB	DROP_EXPR	1		מֵאֵ֥ת	100		LEXICAL_FALSE_POSITIVE	Pointed מֵאֵת/מֵאֶת is the prepositional construction 'from/by', not the numeral 'hundred'.	CONFIRMED
AUDITED_OL_NORMALIZATION_MANIFEST				GEN 28:19	HEB	DROP_EXPR	1		לָרִאשֹׁנָֽה׃	1		LEXICAL_FALSE_POSITIVE	"Temporal/lexicalized ""formerly/as before/former things"" usage, not numeric rank one."	CONFIRMED
AUDITED_OL_NORMALIZATION_MANIFEST				GEN 28:22	HEB	REPLACE_EXPR	1		עַשֵּׂ֖ר	10	1/10	SEMANTIC_FRACTION	Verb denotes tithing/giving a tenth; normalize semantic quantity to 1/10.	CONFIRMED
AUDITED_OL_NORMALIZATION_MANIFEST				GEN 31:37	HEB	DROP_EXPR	1		מִשַּׁ֣שְׁתָּ	6		LEXICAL_FALSE_POSITIVE	"verb ""you searched/felt"", not six"	CONFIRMED
AUDITED_OL_NORMALIZATION_MANIFEST				GEN 35:28	HEB	REPLACE_VERSE_VALUES			מְאַ֥ת | וּשְׁמֹנִ֥ים	100;80	180	SEMANTIC_COMPOUND	Multiple additive constituents form one semantic numeric quantity (age, duration, tribal count, or mixed fraction).	CONFIRMED
AUDITED_OL_NORMALIZATION_MANIFEST				GEN 38:1	HEB	DROP_EXPR	1		מֵאֵ֣ת	100		LEXICAL_FALSE_POSITIVE	Pointed מֵאֵת/מֵאֶת is the prepositional construction 'from/by', not the numeral 'hundred'.	CONFIRMED
AUDITED_OL_NORMALIZATION_MANIFEST				GEN 41:27	HEB	DROP_EXPR	5		שֶׁ֖בַע שְׁנֵ֥י	2		LEXICAL_FALSE_POSITIVE	"Here שְׁנֵי is the construct plural ""years of"", not the numeral ""two""."	CONFIRMED
AUDITED_OL_NORMALIZATION_MANIFEST				GEN 41:30	HEB	DROP_EXPR	2		שֶׁ֜בַע שְׁנֵ֤י	2		LEXICAL_FALSE_POSITIVE	"Here שְׁנֵי is the construct plural ""years of"", not the numeral ""two""."	CONFIRMED
AUDITED_OL_NORMALIZATION_MANIFEST				GEN 41:34	HEB	DROP_EXPR	2		בְּשֶׁ֖בַע שְׁנֵ֥י	2		LEXICAL_FALSE_POSITIVE	"Here שְׁנֵי is the construct plural ""years of"", not the numeral ""two""."	CONFIRMED
AUDITED_OL_NORMALIZATION_MANIFEST				GEN 41:36	HEB	DROP_EXPR	2		לְשֶׁ֙בַע֙ שְׁנֵ֣י	2		LEXICAL_FALSE_POSITIVE	"Here שְׁנֵי is the construct plural ""years of"", not the numeral ""two""."	CONFIRMED
AUDITED_OL_NORMALIZATION_MANIFEST				GEN 41:42	HEB	DROP_EXPR	1		שֵׁ֔שׁ	6		LEXICAL_FALSE_POSITIVE	Context identifies שֵׁשׁ as fine linen/cotton/marble material, not the numeral six.	CONFIRMED
AUDITED_OL_NORMALIZATION_MANIFEST				GEN 41:47	HEB	DROP_EXPR	2		בְּשֶׁ֖בַע שְׁנֵ֣י	2		LEXICAL_FALSE_POSITIVE	"Here שְׁנֵי is the construct plural ""years of"", not the numeral ""two""."	CONFIRMED
AUDITED_OL_NORMALIZATION_MANIFEST				GEN 41:53	HEB	DROP_EXPR	2		שֶׁ֖בַע שְׁנֵ֣י	2		LEXICAL_FALSE_POSITIVE	"Here שְׁנֵי is the construct plural ""years of"", not the numeral ""two""."	CONFIRMED
AUDITED_OL_NORMALIZATION_MANIFEST				GEN 41:54	HEB	DROP_EXPR	2		שֶׁ֣בַע שְׁנֵ֤י	2		LEXICAL_FALSE_POSITIVE	"Here שְׁנֵי is the construct plural ""years of"", not the numeral ""two""."	CONFIRMED
AUDITED_OL_NORMALIZATION_MANIFEST				GEN 43:34	HEB	DROP_EXPR	1		מֵאֵ֣ת	100		LEXICAL_FALSE_POSITIVE	Pointed מֵאֵת/מֵאֶת is the prepositional construction 'from/by', not the numeral 'hundred'.	CONFIRMED
AUDITED_OL_NORMALIZATION_MANIFEST				GEN 47:8	HEB	DROP_EXPR	1		שְׁנֵ֥י	2		LEXICAL_FALSE_POSITIVE	"Here שְׁנֵי is the construct plural ""years of"", not the numeral ""two""."	CONFIRMED
AUDITED_OL_NORMALIZATION_MANIFEST				GEN 47:9	HEB	DROP_EXPR	1		שְׁנֵ֣י	2		LEXICAL_FALSE_POSITIVE	"Here שְׁנֵי is the construct plural ""years of"", not the numeral ""two""."	CONFIRMED
AUDITED_OL_NORMALIZATION_MANIFEST				GEN 47:9	HEB	DROP_EXPR	3		שְׁנֵ֣י	2		LEXICAL_FALSE_POSITIVE	"Here שְׁנֵי is the construct plural ""years of"", not the numeral ""two""."	CONFIRMED
AUDITED_OL_NORMALIZATION_MANIFEST				GEN 47:9	HEB	DROP_EXPR	4		שְׁנֵי֙	2		LEXICAL_FALSE_POSITIVE	"Here שְׁנֵי is the construct plural ""years of"", not the numeral ""two""."	CONFIRMED
AUDITED_OL_NORMALIZATION_MANIFEST				GEN 47:9	HEB	REPLACE_VERSE_VALUES			שְׁנֵ֣י | שְׁלֹשִׁ֥ים וּמְאַ֖ת | שְׁנֵ֣י | שְׁנֵי֙	2;130;2;2	130	SEMANTIC_COMPOUND	Multiple additive constituents form one semantic numeric quantity (age, duration, tribal count, or mixed fraction).	CONFIRMED
AUDITED_OL_NORMALIZATION_MANIFEST				GEN 47:22	HEB	DROP_EXPR	1		מֵאֵ֣ת	100		LEXICAL_FALSE_POSITIVE	Pointed מֵאֵת/מֵאֶת is the prepositional construction 'from/by', not the numeral 'hundred'.	CONFIRMED
AUDITED_OL_NORMALIZATION_MANIFEST				GEN 47:28	HEB	DROP_EXPR	2		שְׁנֵ֣י	2		LEXICAL_FALSE_POSITIVE	"Here שְׁנֵי is the construct plural ""years of"", not the numeral ""two""."	CONFIRMED
AUDITED_OL_NORMALIZATION_MANIFEST				GEN 47:28	HEB	REPLACE_VERSE_VALUES			שְׁבַ֥ע עֶשְׂרֵ֖ה | שְׁנֵ֣י | שֶׁ֣בַע | וְאַרְבָּעִ֥ים וּמְאַ֖ת	17;2;7;140	17;147	SEMANTIC_COMPOUND	Multiple additive constituents form one semantic numeric quantity (age, duration, tribal count, or mixed fraction).	CONFIRMED
AUDITED_OL_NORMALIZATION_MANIFEST				GEN 49:30	HEB	DROP_EXPR	1		מֵאֵ֛ת	100		LEXICAL_FALSE_POSITIVE	Pointed מֵאֵת/מֵאֶת is the prepositional construction 'from/by', not the numeral 'hundred'.	CONFIRMED
AUDITED_OL_NORMALIZATION_MANIFEST				GEN 49:32	HEB	DROP_EXPR	1		מֵאֵ֥ת	100		LEXICAL_FALSE_POSITIVE	Pointed מֵאֵת/מֵאֶת is the prepositional construction 'from/by', not the numeral 'hundred'.	CONFIRMED
AUDITED_OL_NORMALIZATION_MANIFEST				GEN 50:13	HEB	DROP_EXPR	1		מֵאֵ֛ת	100		LEXICAL_FALSE_POSITIVE	Pointed מֵאֵת/מֵאֶת is the prepositional construction 'from/by', not the numeral 'hundred'.	CONFIRMED
AUDITED_OL_NORMALIZATION_MANIFEST				HAB 2:13	HEB	DROP_EXPR	1		מֵאֵ֖ת	100		LEXICAL_FALSE_POSITIVE	Pointed מֵאֵת/מֵאֶת is the prepositional construction 'from/by', not the numeral 'hundred'.	CONFIRMED
AUDITED_OL_NORMALIZATION_MANIFEST				ISA 1:26	HEB	DROP_EXPR	1		כְּבָרִ֣אשֹׁנָ֔ה	1		LEXICAL_FALSE_POSITIVE	"Temporal/lexicalized ""formerly/as before/former things"" usage, not numeric rank one."	CONFIRMED
AUDITED_OL_NORMALIZATION_MANIFEST				ISA 5:12	HEB	DROP_EXPR	1		מִשְׁתֵּיהֶ֑ם	2		LEXICAL_FALSE_POSITIVE	drink/feasting noun, not two	CONFIRMED
AUDITED_OL_NORMALIZATION_MANIFEST				ISA 17:6	HEB	REPLACE_VERSE_VALUES			שְׁנַ֧יִם שְׁלֹשָׁ֛ה | אַרְבָּעָ֣ה חֲמִשָּׁ֗ה	5;9	2;3;4;5	STRUCTURAL_COMPOSITION	Reviewed OL syntax requires independent values in source order; prior seed merged or omitted expression boundaries.	CONFIRMED
AUDITED_OL_NORMALIZATION_MANIFEST				ISA 20:4	HEB	DROP_EXPR	1		שֵׁ֖ת	6		LEXICAL_FALSE_POSITIVE	Proper-name/body lexeme שֵׁת is not the numeral six in this context.	CONFIRMED
AUDITED_OL_NORMALIZATION_MANIFEST				ISA 21:10	HEB	DROP_EXPR	1		מֵאֵ֨ת	100		LEXICAL_FALSE_POSITIVE	Pointed מֵאֵת/מֵאֶת is the prepositional construction 'from/by', not the numeral 'hundred'.	CONFIRMED
AUDITED_OL_NORMALIZATION_MANIFEST				ISA 28:22	HEB	DROP_EXPR	1		מֵאֵ֨ת	100		LEXICAL_FALSE_POSITIVE	Pointed מֵאֵת/מֵאֶת is the prepositional construction 'from/by', not the numeral 'hundred'.	CONFIRMED
AUDITED_OL_NORMALIZATION_MANIFEST				ISA 38:7	HEB	DROP_EXPR	1		מֵאֵ֣ת	100		LEXICAL_FALSE_POSITIVE	Pointed מֵאֵת/מֵאֶת is the prepositional construction 'from/by', not the numeral 'hundred'.	CONFIRMED
AUDITED_OL_NORMALIZATION_MANIFEST				ISA 43:18	HEB	DROP_EXPR	1		רִֽאשֹׁנ֑וֹת	1		LEXICAL_FALSE_POSITIVE	"Temporal/lexicalized ""formerly/as before/former things"" usage, not numeric rank one."	CONFIRMED
AUDITED_OL_NORMALIZATION_MANIFEST				ISA 46:9	HEB	DROP_EXPR	1		רִאשֹׁנ֖וֹת	1		LEXICAL_FALSE_POSITIVE	"Temporal/lexicalized ""formerly/as before/former things"" usage, not numeric rank one."	CONFIRMED
AUDITED_OL_NORMALIZATION_MANIFEST				JDG 1:14	HEB	DROP_EXPR	1		מֵֽאֵת	100		LEXICAL_FALSE_POSITIVE	Pointed מֵאֵת/מֵאֶת is the prepositional construction 'from/by', not the numeral 'hundred'.	CONFIRMED
AUDITED_OL_NORMALIZATION_MANIFEST				JDG 7:3	HEB	REPLACE_VERSE_VALUES			עֶשְׂרִ֤ים וּשְׁנַ֙יִם֙ אֶ֔לֶף וַעֲשֶׂ֥רֶת אֲלָפִ֖ים	32000	22000;10000	STRUCTURAL_COMPOSITION	Twenty-two thousand departed; ten thousand remained; distinct clauses.	CONFIRMED
AUDITED_OL_NORMALIZATION_MANIFEST				JDG 8:7	HEB	DROP_EXPR	1		וְדַשְׁתִּי֙	2		LEXICAL_FALSE_POSITIVE	"verb ""I will thresh"", not two"	CONFIRMED
AUDITED_OL_NORMALIZATION_MANIFEST				JDG 18:29	HEB	DROP_EXPR	1		לָרִאשֹׁנָֽה׃	1		LEXICAL_FALSE_POSITIVE	"Temporal/lexicalized ""formerly/as before/former things"" usage, not numeric rank one."	CONFIRMED
AUDITED_OL_NORMALIZATION_MANIFEST				JDG 20:10	HEB	REPLACE_VERSE_VALUES			עֲשָׂרָה֩ | לַמֵּאָ֜ה | וּמֵאָ֤ה לָאֶ֙לֶף֙ וְאֶ֣לֶף לָרְבָבָ֔ה	10;100;10100000	10;100;100;1000;1000;10000	STRUCTURAL_COMPOSITION	Ratio/distributive quantities must remain separate.	CONFIRMED
AUDITED_OL_NORMALIZATION_MANIFEST				JDG 20:32	HEB	DROP_EXPR	1		כְּבָרִאשֹׁנָ֑ה	1		LEXICAL_FALSE_POSITIVE	"Temporal/lexicalized ""formerly/as before/former things"" usage, not numeric rank one."	CONFIRMED
AUDITED_OL_NORMALIZATION_MANIFEST				JER 2:37	HEB	DROP_EXPR	1		מֵאֵ֥ת	100		LEXICAL_FALSE_POSITIVE	Pointed מֵאֵת/מֵאֶת is the prepositional construction 'from/by', not the numeral 'hundred'.	CONFIRMED
AUDITED_OL_NORMALIZATION_MANIFEST				JER 7:1	HEB	DROP_EXPR	1		מֵאֵ֥ת	100		LEXICAL_FALSE_POSITIVE	Pointed מֵאֵת/מֵאֶת is the prepositional construction 'from/by', not the numeral 'hundred'.	CONFIRMED
AUDITED_OL_NORMALIZATION_MANIFEST				JER 11:1	HEB	DROP_EXPR	1		מֵאֵ֥ת	100		LEXICAL_FALSE_POSITIVE	Pointed מֵאֵת/מֵאֶת is the prepositional construction 'from/by', not the numeral 'hundred'.	CONFIRMED
AUDITED_OL_NORMALIZATION_MANIFEST				JER 16:5	HEB	DROP_EXPR	1		מֵאֵ֨ת	100		LEXICAL_FALSE_POSITIVE	Pointed מֵאֵת/מֵאֶת is the prepositional construction 'from/by', not the numeral 'hundred'.	CONFIRMED
AUDITED_OL_NORMALIZATION_MANIFEST				JER 18:1	HEB	DROP_EXPR	1		מֵאֵ֥ת	100		LEXICAL_FALSE_POSITIVE	Pointed מֵאֵת/מֵאֶת is the prepositional construction 'from/by', not the numeral 'hundred'.	CONFIRMED
AUDITED_OL_NORMALIZATION_MANIFEST				JER 21:1	HEB	DROP_EXPR	1		מֵאֵ֣ת	100		LEXICAL_FALSE_POSITIVE	Pointed מֵאֵת/מֵאֶת is the prepositional construction 'from/by', not the numeral 'hundred'.	CONFIRMED
AUDITED_OL_NORMALIZATION_MANIFEST				JER 23:15	HEB	DROP_EXPR	1		מֵאֵת֙	100		LEXICAL_FALSE_POSITIVE	Pointed מֵאֵת/מֵאֶת is the prepositional construction 'from/by', not the numeral 'hundred'.	CONFIRMED
AUDITED_OL_NORMALIZATION_MANIFEST				JER 23:30	HEB	DROP_EXPR	1		מֵאֵ֥ת	100		LEXICAL_FALSE_POSITIVE	Pointed מֵאֵת/מֵאֶת is the prepositional construction 'from/by', not the numeral 'hundred'.	CONFIRMED
AUDITED_OL_NORMALIZATION_MANIFEST				JER 26:1	HEB	DROP_EXPR	1		מֵאֵ֥ת	100		LEXICAL_FALSE_POSITIVE	Pointed מֵאֵת/מֵאֶת is the prepositional construction 'from/by', not the numeral 'hundred'.	CONFIRMED
AUDITED_OL_NORMALIZATION_MANIFEST				JER 27:1	HEB	DROP_EXPR	1		מֵאֵ֥ת	100		LEXICAL_FALSE_POSITIVE	Pointed מֵאֵת/מֵאֶת is the prepositional construction 'from/by', not the numeral 'hundred'.	CONFIRMED
AUDITED_OL_NORMALIZATION_MANIFEST				JER 30:1	HEB	DROP_EXPR	1		מֵאֵ֥ת	100		LEXICAL_FALSE_POSITIVE	Pointed מֵאֵת/מֵאֶת is the prepositional construction 'from/by', not the numeral 'hundred'.	CONFIRMED
AUDITED_OL_NORMALIZATION_MANIFEST				JER 31:19	HEB	DROP_EXPR	1		בֹּ֚שְׁתִּי	2		LEXICAL_FALSE_POSITIVE	verb/noun of shame, not two	CONFIRMED
AUDITED_OL_NORMALIZATION_MANIFEST				JER 32:1	HEB	DROP_EXPR	1		מֵאֵ֣ת	100		LEXICAL_FALSE_POSITIVE	Pointed מֵאֵת/מֵאֶת is the prepositional construction 'from/by', not the numeral 'hundred'.	CONFIRMED
AUDITED_OL_NORMALIZATION_MANIFEST				JER 32:9	HEB	DROP_EXPR	1		מֵאֵ֛ת	100		LEXICAL_FALSE_POSITIVE	Pointed מֵאֵת/מֵאֶת is the prepositional construction 'from/by', not the numeral 'hundred'.	CONFIRMED
AUDITED_OL_NORMALIZATION_MANIFEST				JER 33:7	HEB	DROP_EXPR	1		כְּבָרִֽאשֹׁנָֽה׃	1		LEXICAL_FALSE_POSITIVE	"Temporal/lexicalized ""formerly/as before/former things"" usage, not numeric rank one."	CONFIRMED
AUDITED_OL_NORMALIZATION_MANIFEST				JER 33:11	HEB	DROP_EXPR	1		כְּבָרִאשֹׁנָ֖ה	1		LEXICAL_FALSE_POSITIVE	"Temporal/lexicalized ""formerly/as before/former things"" usage, not numeric rank one."	CONFIRMED
AUDITED_OL_NORMALIZATION_MANIFEST				JER 34:1	HEB	DROP_EXPR	1		מֵאֵ֣ת	100		LEXICAL_FALSE_POSITIVE	Pointed מֵאֵת/מֵאֶת is the prepositional construction 'from/by', not the numeral 'hundred'.	CONFIRMED
AUDITED_OL_NORMALIZATION_MANIFEST				JER 34:8	HEB	DROP_EXPR	1		מֵאֵ֣ת	100		LEXICAL_FALSE_POSITIVE	Pointed מֵאֵת/מֵאֶת is the prepositional construction 'from/by', not the numeral 'hundred'.	CONFIRMED
AUDITED_OL_NORMALIZATION_MANIFEST				JER 34:12	HEB	DROP_EXPR	1		מֵאֵ֥ת	100		LEXICAL_FALSE_POSITIVE	Pointed מֵאֵת/מֵאֶת is the prepositional construction 'from/by', not the numeral 'hundred'.	CONFIRMED
AUDITED_OL_NORMALIZATION_MANIFEST				JER 35:1	HEB	DROP_EXPR	1		מֵאֵ֣ת	100		LEXICAL_FALSE_POSITIVE	Pointed מֵאֵת/מֵאֶת is the prepositional construction 'from/by', not the numeral 'hundred'.	CONFIRMED
AUDITED_OL_NORMALIZATION_MANIFEST				JER 36:1	HEB	DROP_EXPR	1		מֵאֵ֥ת	100		LEXICAL_FALSE_POSITIVE	Pointed מֵאֵת/מֵאֶת is the prepositional construction 'from/by', not the numeral 'hundred'.	CONFIRMED
AUDITED_OL_NORMALIZATION_MANIFEST				JER 37:17	HEB	DROP_EXPR	1		מֵאֵ֣ת	100		LEXICAL_FALSE_POSITIVE	Pointed מֵאֵת/מֵאֶת is the prepositional construction 'from/by', not the numeral 'hundred'.	CONFIRMED
AUDITED_OL_NORMALIZATION_MANIFEST				JER 40:1	HEB	DROP_EXPR	1		מֵאֵ֣ת	100		LEXICAL_FALSE_POSITIVE	Pointed מֵאֵת/מֵאֶת is the prepositional construction 'from/by', not the numeral 'hundred'.	CONFIRMED
AUDITED_OL_NORMALIZATION_MANIFEST				JER 41:16	HEB	DROP_EXPR	1		מֵאֵ֨ת	100		LEXICAL_FALSE_POSITIVE	Pointed מֵאֵת/מֵאֶת is the prepositional construction 'from/by', not the numeral 'hundred'.	CONFIRMED
AUDITED_OL_NORMALIZATION_MANIFEST				JER 49:14	HEB	DROP_EXPR	1		מֵאֵ֣ת	100		LEXICAL_FALSE_POSITIVE	Pointed מֵאֵת/מֵאֶת is the prepositional construction 'from/by', not the numeral 'hundred'.	CONFIRMED
AUDITED_OL_NORMALIZATION_MANIFEST				JER 51:36	HEB	DROP_EXPR	1		וְהֹבַשְׁתִּ֖י	2		LEXICAL_FALSE_POSITIVE	"verb ""I will dry up"", not two"	CONFIRMED
AUDITED_OL_NORMALIZATION_MANIFEST				JER 51:39	HEB	DROP_EXPR	1		מִשְׁתֵּיהֶ֗ם	2		LEXICAL_FALSE_POSITIVE	drink/feasting noun, not two	CONFIRMED
AUDITED_OL_NORMALIZATION_MANIFEST				JER 52:22	HEB	REPLACE_VERSE_VALUES			הָאַחַת֮ חָמֵ֣שׁ | הַשֵּׁנִ֖י	6;2	1;5;2	STRUCTURAL_COMPOSITION	Reviewed OL syntax requires independent values in source order; prior seed merged or omitted expression boundaries.	CONFIRMED
AUDITED_OL_NORMALIZATION_MANIFEST				JER 52:34	HEB	DROP_EXPR	1		מֵאֵ֧ת	100		LEXICAL_FALSE_POSITIVE	Pointed מֵאֵת/מֵאֶת is the prepositional construction 'from/by', not the numeral 'hundred'.	CONFIRMED
AUDITED_OL_NORMALIZATION_MANIFEST				JOB 2:7	HEB	DROP_EXPR	1		מֵאֵ֖ת	100		LEXICAL_FALSE_POSITIVE	Pointed מֵאֵת/מֵאֶת is the prepositional construction 'from/by', not the numeral 'hundred'.	CONFIRMED
AUDITED_OL_NORMALIZATION_MANIFEST				JOB 2:10	HEB	DROP_EXPR	2		מֵאֵ֣ת	100		LEXICAL_FALSE_POSITIVE	Pointed מֵאֵת/מֵאֶת is the prepositional construction 'from/by', not the numeral 'hundred'.	CONFIRMED
AUDITED_OL_NORMALIZATION_MANIFEST				JOB 29:14	HEB	DROP_EXPR	1		לָ֭בַשְׁתִּי	2		LEXICAL_FALSE_POSITIVE	"verb ""I clothed myself"", not two"	CONFIRMED
AUDITED_OL_NORMALIZATION_MANIFEST				JOS 8:33	HEB	REPLACE_VERSE_VALUES			בָּרִאשֹׁנָֽה׃	1	1/2;1/2	STRUCTURAL_COMPOSITION	Reviewed OL syntax requires independent values in source order; prior seed merged or omitted expression boundaries.	CONFIRMED
AUDITED_OL_NORMALIZATION_MANIFEST				JOS 11:20	HEB	DROP_EXPR	1		מֵאֵ֣ת	100		LEXICAL_FALSE_POSITIVE	Pointed מֵאֵת/מֵאֶת is the prepositional construction 'from/by', not the numeral 'hundred'.	CONFIRMED
AUDITED_OL_NORMALIZATION_MANIFEST				JOS 14:2	HEB	REPLACE_VERSE_VALUES			לְתִשְׁעַ֥ת | וַחֲצִ֥י	9;1/2	19/2	SEMANTIC_COMPOUND	Multiple additive constituents form one semantic numeric quantity (age, duration, tribal count, or mixed fraction).	CONFIRMED
AUDITED_OL_NORMALIZATION_MANIFEST				JOS 14:3	HEB	REPLACE_VERSE_VALUES			שְׁנֵ֤י | וַחֲצִ֣י	2;1/2	5/2	SEMANTIC_COMPOUND	Multiple additive constituents form one semantic numeric quantity (age, duration, tribal count, or mixed fraction).	CONFIRMED
AUDITED_OL_NORMALIZATION_MANIFEST				JOS 15:18	HEB	DROP_EXPR	1		מֵֽאֵת	100		LEXICAL_FALSE_POSITIVE	Pointed מֵאֵת/מֵאֶת is the prepositional construction 'from/by', not the numeral 'hundred'.	CONFIRMED
AUDITED_OL_NORMALIZATION_MANIFEST				JOS 21:34	HEB	DROP_EXPR	1		מֵאֵת֙	100		LEXICAL_FALSE_POSITIVE	Pointed מֵאֵת/מֵאֶת is the prepositional construction 'from/by', not the numeral 'hundred'.	CONFIRMED
AUDITED_OL_NORMALIZATION_MANIFEST				JOS 22:9	HEB	DROP_EXPR	2		מֵאֵת֙	100		LEXICAL_FALSE_POSITIVE	Pointed מֵאֵת/מֵאֶת is the prepositional construction 'from/by', not the numeral 'hundred'.	CONFIRMED
AUDITED_OL_NORMALIZATION_MANIFEST				JOS 22:32	HEB	DROP_EXPR	1		מֵאֵ֣ת	100		LEXICAL_FALSE_POSITIVE	Pointed מֵאֵת/מֵאֶת is the prepositional construction 'from/by', not the numeral 'hundred'.	CONFIRMED
AUDITED_OL_NORMALIZATION_MANIFEST				JOS 24:32	HEB	DROP_EXPR	1		מֵאֵ֛ת	100		LEXICAL_FALSE_POSITIVE	Pointed מֵאֵת/מֵאֶת is the prepositional construction 'from/by', not the numeral 'hundred'.	CONFIRMED
AUDITED_OL_NORMALIZATION_MANIFEST				LEV 7:34	HEB	DROP_EXPR	1		מֵאֵ֣ת	100		LEXICAL_FALSE_POSITIVE	Pointed מֵאֵת/מֵאֶת is the prepositional construction 'from/by', not the numeral 'hundred'.	CONFIRMED
AUDITED_OL_NORMALIZATION_MANIFEST				LEV 7:34	HEB	DROP_EXPR	2		מֵאֵ֖ת	100		LEXICAL_FALSE_POSITIVE	Pointed מֵאֵת/מֵאֶת is the prepositional construction 'from/by', not the numeral 'hundred'.	CONFIRMED
AUDITED_OL_NORMALIZATION_MANIFEST				LEV 7:36	HEB	DROP_EXPR	1		מֵאֵ֖ת	100		LEXICAL_FALSE_POSITIVE	Pointed מֵאֵת/מֵאֶת is the prepositional construction 'from/by', not the numeral 'hundred'.	CONFIRMED
AUDITED_OL_NORMALIZATION_MANIFEST				LEV 10:4	HEB	DROP_EXPR	1		מֵאֵ֣ת	100		LEXICAL_FALSE_POSITIVE	Pointed מֵאֵת/מֵאֶת is the prepositional construction 'from/by', not the numeral 'hundred'.	CONFIRMED
AUDITED_OL_NORMALIZATION_MANIFEST				LEV 12:4	HEB	REPLACE_VERSE_VALUES			וּשְׁלֹשִׁ֥ים | וּשְׁלֹ֣שֶׁת	30;3	33	SEMANTIC_COMPOUND	Multiple additive constituents form one semantic numeric quantity (age, duration, tribal count, or mixed fraction).	CONFIRMED
AUDITED_OL_NORMALIZATION_MANIFEST				LEV 13:48	HEB	DROP_EXPR	1		בִֽשְׁתִי֙	2		LEXICAL_FALSE_POSITIVE	textile/weaving noun, not two	CONFIRMED
AUDITED_OL_NORMALIZATION_MANIFEST				LEV 14:4	HEB	DROP_EXPR	2		וּשְׁנִ֥י	2		LEXICAL_FALSE_POSITIVE	שְׁנִי in the fixed scarlet/crimson dye expression is a color/material lexeme, not the numeral two.	CONFIRMED
AUDITED_OL_NORMALIZATION_MANIFEST				LEV 14:6	HEB	DROP_EXPR	1		שְׁנִ֥י	2		LEXICAL_FALSE_POSITIVE	שְׁנִי in the fixed scarlet/crimson dye expression is a color/material lexeme, not the numeral two.	CONFIRMED
AUDITED_OL_NORMALIZATION_MANIFEST				LEV 14:49	HEB	DROP_EXPR	2		וּשְׁנִ֥י	2		LEXICAL_FALSE_POSITIVE	שְׁנִי in the fixed scarlet/crimson dye expression is a color/material lexeme, not the numeral two.	CONFIRMED
AUDITED_OL_NORMALIZATION_MANIFEST				LEV 14:51	HEB	DROP_EXPR	1		שְׁנִ֣י	2		LEXICAL_FALSE_POSITIVE	שְׁנִי in the fixed scarlet/crimson dye expression is a color/material lexeme, not the numeral two.	CONFIRMED
AUDITED_OL_NORMALIZATION_MANIFEST				LEV 14:52	HEB	DROP_EXPR	1		וּבִשְׁנִ֥י	2		LEXICAL_FALSE_POSITIVE	שְׁנִי in the fixed scarlet/crimson dye expression is a color/material lexeme, not the numeral two.	CONFIRMED
AUDITED_OL_NORMALIZATION_MANIFEST				LEV 24:8	HEB	DROP_EXPR	1		מֵאֵ֥ת	100		LEXICAL_FALSE_POSITIVE	Pointed מֵאֵת/מֵאֶת is the prepositional construction 'from/by', not the numeral 'hundred'.	CONFIRMED
AUDITED_OL_NORMALIZATION_MANIFEST				LEV 25:15	HEB	DROP_EXPR	1		מֵאֵ֣ת	100		LEXICAL_FALSE_POSITIVE	Pointed מֵאֵת/מֵאֶת is the prepositional construction 'from/by', not the numeral 'hundred'.	CONFIRMED
AUDITED_OL_NORMALIZATION_MANIFEST				LEV 25:44	HEB	DROP_EXPR	1		מֵאֵ֣ת	100		LEXICAL_FALSE_POSITIVE	Pointed מֵאֵת/מֵאֶת is the prepositional construction 'from/by', not the numeral 'hundred'.	CONFIRMED
AUDITED_OL_NORMALIZATION_MANIFEST				LUK 9:33	GRK	REPLACE_VERSE_VALUES			τρεῖς μίαν | μίαν | μίαν	4;1;1	3;1;1;1	STRUCTURAL_COMPOSITION	Reviewed OL syntax requires independent values in source order; prior seed merged or omitted expression boundaries.	CONFIRMED
AUDITED_OL_NORMALIZATION_MANIFEST				LUK 10:1	GRK	REPLACE_VERSE_VALUES			ἑβδομήκοντα δύο | δύο δύο	72;4	72;2;2	STRUCTURAL_COMPOSITION	Reviewed OL syntax requires independent values in source order; prior seed merged or omitted expression boundaries.	CONFIRMED
AUDITED_OL_NORMALIZATION_MANIFEST				LUK 12:52	GRK	REPLACE_VERSE_VALUES			πέντε | ἑνὶ | τρεῖς | δυσὶν δύο | τρισίν	5;1;3;4;3	5;1;3;2;2;3	STRUCTURAL_COMPOSITION	Reviewed OL syntax requires independent values in source order; prior seed merged or omitted expression boundaries.	CONFIRMED
AUDITED_OL_NORMALIZATION_MANIFEST				MIC 1:12	HEB	DROP_EXPR	1		מֵאֵ֣ת	100		LEXICAL_FALSE_POSITIVE	Pointed מֵאֵת/מֵאֶת is the prepositional construction 'from/by', not the numeral 'hundred'.	CONFIRMED
AUDITED_OL_NORMALIZATION_MANIFEST				MIC 3:5	HEB	DROP_EXPR	1		בְּשִׁנֵּיהֶם֙	2		LEXICAL_FALSE_POSITIVE	"""with their teeth"", not two"	CONFIRMED
AUDITED_OL_NORMALIZATION_MANIFEST				MIC 5:6	HEB	DROP_EXPR	1		מֵאֵ֣ת	100		LEXICAL_FALSE_POSITIVE	Pointed מֵאֵת/מֵאֶת is the prepositional construction 'from/by', not the numeral 'hundred'.	CONFIRMED
AUDITED_OL_NORMALIZATION_MANIFEST				MRK 6:7	GRK	REPLACE_VERSE_VALUES			δώδεκα | δύο δύο	12;4	12;2;2	STRUCTURAL_COMPOSITION	Reviewed OL syntax requires independent values in source order; prior seed merged or omitted expression boundaries.	CONFIRMED
AUDITED_OL_NORMALIZATION_MANIFEST				MRK 6:38	GRK	REPLACE_VERSE_VALUES			Πέντε δύο	7	5;2	STRUCTURAL_COMPOSITION	Five loaves and two fish are independent counts.	CONFIRMED
AUDITED_OL_NORMALIZATION_MANIFEST				NEH 6:16	HEB	DROP_EXPR	1		מֵאֵ֣ת	100		LEXICAL_FALSE_POSITIVE	Pointed מֵאֵת/מֵאֶת is the prepositional construction 'from/by', not the numeral 'hundred'.	CONFIRMED
AUDITED_OL_NORMALIZATION_MANIFEST				NUM 3:9	HEB	DROP_EXPR	1		מֵאֵ֖ת	100		LEXICAL_FALSE_POSITIVE	Pointed מֵאֵת/מֵאֶת is the prepositional construction 'from/by', not the numeral 'hundred'.	CONFIRMED
AUDITED_OL_NORMALIZATION_MANIFEST				NUM 3:49	HEB	DROP_EXPR	1		מֵאֵת֙	100		LEXICAL_FALSE_POSITIVE	Pointed מֵאֵת/מֵאֶת is the prepositional construction 'from/by', not the numeral 'hundred'.	CONFIRMED
AUDITED_OL_NORMALIZATION_MANIFEST				NUM 3:50	HEB	DROP_EXPR	1		מֵאֵ֗ת	100		LEXICAL_FALSE_POSITIVE	Pointed מֵאֵת/מֵאֶת is the prepositional construction 'from/by', not the numeral 'hundred'.	CONFIRMED
AUDITED_OL_NORMALIZATION_MANIFEST				NUM 7:13	HEB	REPLACE_VERSE_VALUES			אַחַ֗ת שְׁלֹשִׁ֣ים וּמֵאָה֮ | אֶחָד֙ | שִׁבְעִ֥ים | שְׁנֵיהֶ֣ם_׀	131;1;70;2	1;130;1;70;2	STRUCTURAL_COMPOSITION	Offering inventory: one plate weighing 130, one bowl weighing 70; the two vessels are explicitly counted together.	CONFIRMED
AUDITED_OL_NORMALIZATION_MANIFEST				NUM 7:14	HEB	REPLACE_VERSE_VALUES			אַחַ֛ת עֲשָׂרָ֥ה	11	1;10	STRUCTURAL_COMPOSITION	One gold dish/spoon with weight ten; do not add one to ten.	CONFIRMED
AUDITED_OL_NORMALIZATION_MANIFEST				NUM 7:19	HEB	REPLACE_VERSE_VALUES			אַחַ֗ת שְׁלֹשִׁ֣ים וּמֵאָה֮ | אֶחָד֙ | שִׁבְעִ֥ים | שְׁנֵיהֶ֣ם_׀	131;1;70;2	1;130;1;70;2	STRUCTURAL_COMPOSITION	Offering inventory: one plate weighing 130, one bowl weighing 70; the two vessels are explicitly counted together.	CONFIRMED
AUDITED_OL_NORMALIZATION_MANIFEST				NUM 7:20	HEB	REPLACE_VERSE_VALUES			אַחַ֛ת עֲשָׂרָ֥ה	11	1;10	STRUCTURAL_COMPOSITION	One gold dish/spoon with weight ten; do not add one to ten.	CONFIRMED
AUDITED_OL_NORMALIZATION_MANIFEST				NUM 7:25	HEB	REPLACE_VERSE_VALUES			אַחַ֗ת שְׁלֹשִׁ֣ים וּמֵאָה֮ | אֶחָד֙ | שִׁבְעִ֥ים | שְׁנֵיהֶ֣ם_׀	131;1;70;2	1;130;1;70;2	STRUCTURAL_COMPOSITION	Offering inventory: one plate weighing 130, one bowl weighing 70; the two vessels are explicitly counted together.	CONFIRMED
AUDITED_OL_NORMALIZATION_MANIFEST				NUM 7:26	HEB	REPLACE_VERSE_VALUES			אַחַ֛ת עֲשָׂרָ֥ה	11	1;10	STRUCTURAL_COMPOSITION	One gold dish/spoon with weight ten; do not add one to ten.	CONFIRMED
AUDITED_OL_NORMALIZATION_MANIFEST				NUM 7:31	HEB	REPLACE_VERSE_VALUES			אַחַ֗ת שְׁלֹשִׁ֣ים וּמֵאָה֮ | אֶחָד֙ | שִׁבְעִ֥ים | שְׁנֵיהֶ֣ם_׀	131;1;70;2	1;130;1;70;2	STRUCTURAL_COMPOSITION	Offering inventory: one plate weighing 130, one bowl weighing 70; the two vessels are explicitly counted together.	CONFIRMED
AUDITED_OL_NORMALIZATION_MANIFEST				NUM 7:32	HEB	REPLACE_VERSE_VALUES			אַחַ֛ת עֲשָׂרָ֥ה	11	1;10	STRUCTURAL_COMPOSITION	One gold dish/spoon with weight ten; do not add one to ten.	CONFIRMED
AUDITED_OL_NORMALIZATION_MANIFEST				NUM 7:37	HEB	REPLACE_VERSE_VALUES			אַחַ֗ת שְׁלֹשִׁ֣ים וּמֵאָה֮ | אֶחָד֙ | שִׁבְעִ֥ים | שְׁנֵיהֶ֣ם_׀	131;1;70;2	1;130;1;70;2	STRUCTURAL_COMPOSITION	Offering inventory: one plate weighing 130, one bowl weighing 70; the two vessels are explicitly counted together.	CONFIRMED
AUDITED_OL_NORMALIZATION_MANIFEST				NUM 7:38	HEB	REPLACE_VERSE_VALUES			אַחַ֛ת עֲשָׂרָ֥ה	11	1;10	STRUCTURAL_COMPOSITION	One gold dish/spoon with weight ten; do not add one to ten.	CONFIRMED
AUDITED_OL_NORMALIZATION_MANIFEST				NUM 7:43	HEB	REPLACE_VERSE_VALUES			אַחַ֗ת שְׁלֹשִׁ֣ים וּמֵאָה֮ | אֶחָד֙ | שִׁבְעִ֥ים | שְׁנֵיהֶ֣ם_׀	131;1;70;2	1;130;1;70;2	STRUCTURAL_COMPOSITION	Offering inventory: one plate weighing 130, one bowl weighing 70; the two vessels are explicitly counted together.	CONFIRMED
AUDITED_OL_NORMALIZATION_MANIFEST				NUM 7:44	HEB	REPLACE_VERSE_VALUES			אַחַ֛ת עֲשָׂרָ֥ה	11	1;10	STRUCTURAL_COMPOSITION	One gold dish/spoon with weight ten; do not add one to ten.	CONFIRMED
AUDITED_OL_NORMALIZATION_MANIFEST				NUM 7:49	HEB	REPLACE_VERSE_VALUES			אַחַ֗ת שְׁלֹשִׁ֣ים וּמֵאָה֮ | אֶחָד֙ | שִׁבְעִ֥ים | שְׁנֵיהֶ֣ם_׀	131;1;70;2	1;130;1;70;2	STRUCTURAL_COMPOSITION	Offering inventory: one plate weighing 130, one bowl weighing 70; the two vessels are explicitly counted together.	CONFIRMED
AUDITED_OL_NORMALIZATION_MANIFEST				NUM 7:50	HEB	REPLACE_VERSE_VALUES			אַחַ֛ת עֲשָׂרָ֥ה	11	1;10	STRUCTURAL_COMPOSITION	One gold dish/spoon with weight ten; do not add one to ten.	CONFIRMED
AUDITED_OL_NORMALIZATION_MANIFEST				NUM 7:55	HEB	REPLACE_VERSE_VALUES			אַחַ֗ת שְׁלֹשִׁ֣ים וּמֵאָה֮ | אֶחָד֙ | שִׁבְעִ֥ים | שְׁנֵיהֶ֣ם_׀	131;1;70;2	1;130;1;70;2	STRUCTURAL_COMPOSITION	Offering inventory: one plate weighing 130, one bowl weighing 70; the two vessels are explicitly counted together.	CONFIRMED
AUDITED_OL_NORMALIZATION_MANIFEST				NUM 7:56	HEB	REPLACE_VERSE_VALUES			אַחַ֛ת עֲשָׂרָ֥ה	11	1;10	STRUCTURAL_COMPOSITION	One gold dish/spoon with weight ten; do not add one to ten.	CONFIRMED
AUDITED_OL_NORMALIZATION_MANIFEST				NUM 7:61	HEB	REPLACE_VERSE_VALUES			אַחַ֗ת שְׁלֹשִׁ֣ים וּמֵאָה֮ | אֶחָד֙ | שִׁבְעִ֥ים | שְׁנֵיהֶ֣ם_׀	131;1;70;2	1;130;1;70;2	STRUCTURAL_COMPOSITION	Offering inventory: one plate weighing 130, one bowl weighing 70; the two vessels are explicitly counted together.	CONFIRMED
AUDITED_OL_NORMALIZATION_MANIFEST				NUM 7:62	HEB	REPLACE_VERSE_VALUES			אַחַ֛ת עֲשָׂרָ֥ה	11	1;10	STRUCTURAL_COMPOSITION	One gold dish/spoon with weight ten; do not add one to ten.	CONFIRMED
AUDITED_OL_NORMALIZATION_MANIFEST				NUM 7:67	HEB	REPLACE_VERSE_VALUES			אַחַ֗ת שְׁלֹשִׁ֣ים וּמֵאָה֮ | אֶחָד֙ | שִׁבְעִ֥ים | שְׁנֵיהֶ֣ם_׀	131;1;70;2	1;130;1;70;2	STRUCTURAL_COMPOSITION	Offering inventory: one plate weighing 130, one bowl weighing 70; the two vessels are explicitly counted together.	CONFIRMED
AUDITED_OL_NORMALIZATION_MANIFEST				NUM 7:68	HEB	REPLACE_VERSE_VALUES			אַחַ֛ת עֲשָׂרָ֥ה	11	1;10	STRUCTURAL_COMPOSITION	One gold dish/spoon with weight ten; do not add one to ten.	CONFIRMED
AUDITED_OL_NORMALIZATION_MANIFEST				NUM 7:73	HEB	REPLACE_VERSE_VALUES			אַחַ֗ת שְׁלֹשִׁ֣ים וּמֵאָה֮ | אֶחָד֙ | שִׁבְעִ֥ים | שְׁנֵיהֶ֣ם_׀	131;1;70;2	1;130;1;70;2	STRUCTURAL_COMPOSITION	Offering inventory: one plate weighing 130, one bowl weighing 70; the two vessels are explicitly counted together.	CONFIRMED
AUDITED_OL_NORMALIZATION_MANIFEST				NUM 7:74	HEB	REPLACE_VERSE_VALUES			אַחַ֛ת עֲשָׂרָ֥ה	11	1;10	STRUCTURAL_COMPOSITION	One gold dish/spoon with weight ten; do not add one to ten.	CONFIRMED
AUDITED_OL_NORMALIZATION_MANIFEST				NUM 7:79	HEB	REPLACE_VERSE_VALUES			אַחַ֗ת שְׁלֹשִׁ֣ים וּמֵאָה֮ | אֶחָד֙ | שִׁבְעִ֥ים | שְׁנֵיהֶ֣ם_׀	131;1;70;2	1;130;1;70;2	STRUCTURAL_COMPOSITION	Offering inventory: one plate weighing 130, one bowl weighing 70; the two vessels are explicitly counted together.	CONFIRMED
AUDITED_OL_NORMALIZATION_MANIFEST				NUM 7:80	HEB	REPLACE_VERSE_VALUES			אַחַ֛ת עֲשָׂרָ֥ה	11	1;10	STRUCTURAL_COMPOSITION	One gold dish/spoon with weight ten; do not add one to ten.	CONFIRMED
AUDITED_OL_NORMALIZATION_MANIFEST				NUM 7:84	HEB	DROP_EXPR	1		מֵאֵ֖ת	100		LEXICAL_FALSE_POSITIVE	Pointed מֵאֵת/מֵאֶת is the prepositional construction 'from/by', not the numeral 'hundred'.	CONFIRMED
AUDITED_OL_NORMALIZATION_MANIFEST				NUM 8:11	HEB	DROP_EXPR	1		מֵאֵ֖ת	100		LEXICAL_FALSE_POSITIVE	Pointed מֵאֵת/מֵאֶת is the prepositional construction 'from/by', not the numeral 'hundred'.	CONFIRMED
AUDITED_OL_NORMALIZATION_MANIFEST				NUM 11:31	HEB	DROP_EXPR	1		מֵאֵ֣ת	100		LEXICAL_FALSE_POSITIVE	Pointed מֵאֵת/מֵאֶת is the prepositional construction 'from/by', not the numeral 'hundred'.	CONFIRMED
AUDITED_OL_NORMALIZATION_MANIFEST				NUM 11:33	HEB	DROP_EXPR	1		שִׁנֵּיהֶ֔ם	2		LEXICAL_FALSE_POSITIVE	"""their teeth"", not two"	CONFIRMED
AUDITED_OL_NORMALIZATION_MANIFEST				NUM 16:35	HEB	DROP_EXPR	1		מֵאֵ֣ת	100		LEXICAL_FALSE_POSITIVE	Pointed מֵאֵת/מֵאֶת is the prepositional construction 'from/by', not the numeral 'hundred'.	CONFIRMED
AUDITED_OL_NORMALIZATION_MANIFEST				NUM 17:17	HEB	DROP_EXPR	1		מֵאֵ֤ת	100		LEXICAL_FALSE_POSITIVE	Pointed מֵאֵת/מֵאֶת is the prepositional construction 'from/by', not the numeral 'hundred'.	CONFIRMED
AUDITED_OL_NORMALIZATION_MANIFEST				NUM 18:26	HEB	DROP_EXPR	1		מֵאֵ֨ת	100		LEXICAL_FALSE_POSITIVE	Pointed מֵאֵת/מֵאֶת is the prepositional construction 'from/by', not the numeral 'hundred'.	CONFIRMED
AUDITED_OL_NORMALIZATION_MANIFEST				NUM 18:28	HEB	DROP_EXPR	1		מֵאֵ֖ת	100		LEXICAL_FALSE_POSITIVE	Pointed מֵאֵת/מֵאֶת is the prepositional construction 'from/by', not the numeral 'hundred'.	CONFIRMED
AUDITED_OL_NORMALIZATION_MANIFEST				NUM 19:6	HEB	DROP_EXPR	1		וּשְׁנִ֣י	2		LEXICAL_FALSE_POSITIVE	שְׁנִי in the fixed scarlet/crimson dye expression is a color/material lexeme, not the numeral two.	CONFIRMED
AUDITED_OL_NORMALIZATION_MANIFEST				NUM 24:17	HEB	DROP_EXPR	1		שֵֽׁת׃	6		LEXICAL_FALSE_POSITIVE	Proper-name/body lexeme שֵׁת is not the numeral six in this context.	CONFIRMED
AUDITED_OL_NORMALIZATION_MANIFEST				NUM 28:19	HEB	REPLACE_VERSE_VALUES			שְׁנַ֖יִם | אֶחָ֑ד וְשִׁבְעָ֤ה	2;8	2;1;7	STRUCTURAL_COMPOSITION	Reviewed OL syntax requires independent values in source order; prior seed merged or omitted expression boundaries.	CONFIRMED
AUDITED_OL_NORMALIZATION_MANIFEST				NUM 28:27	HEB	REPLACE_VERSE_VALUES			שְׁנַ֖יִם | אֶחָ֑ד שִׁבְעָ֥ה	2;8	2;1;7	STRUCTURAL_COMPOSITION	Reviewed OL syntax requires independent values in source order; prior seed merged or omitted expression boundaries.	CONFIRMED
AUDITED_OL_NORMALIZATION_MANIFEST				NUM 31:2	HEB	DROP_EXPR	1		מֵאֵ֖ת	100		LEXICAL_FALSE_POSITIVE	Pointed מֵאֵת/מֵאֶת is the prepositional construction 'from/by', not the numeral 'hundred'.	CONFIRMED
AUDITED_OL_NORMALIZATION_MANIFEST				NUM 31:28	HEB	DROP_EXPR	1		מֵאֵ֞ת	100		LEXICAL_FALSE_POSITIVE	Pointed מֵאֵת/מֵאֶת is the prepositional construction 'from/by', not the numeral 'hundred'.	CONFIRMED
AUDITED_OL_NORMALIZATION_MANIFEST				NUM 31:52	HEB	DROP_EXPR	2		מֵאֵת֙	100		LEXICAL_FALSE_POSITIVE	Pointed מֵאֵת/מֵאֶת is the prepositional construction 'from/by', not the numeral 'hundred'.	CONFIRMED
AUDITED_OL_NORMALIZATION_MANIFEST				NUM 31:54	HEB	DROP_EXPR	1		מֵאֵ֛ת	100		LEXICAL_FALSE_POSITIVE	Pointed מֵאֵת/מֵאֶת is the prepositional construction 'from/by', not the numeral 'hundred'.	CONFIRMED
AUDITED_OL_NORMALIZATION_MANIFEST				NUM 31:54	HEB	REPLACE_VERSE_VALUES			מֵאֵ֛ת | הָאֲלָפִ֖ים וְהַמֵּא֑וֹת	100;1100	1000;100	STRUCTURAL_COMPOSITION	Commanders/chiefs of thousands and hundreds; initial מֵאֵת is prepositional, not 100.	CONFIRMED
AUDITED_OL_NORMALIZATION_MANIFEST				NUM 33:39	HEB	REPLACE_VERSE_VALUES			שָׁלֹ֧שׁ וְעֶשְׂרִ֛ים וּמְאַ֖ת	123	123	SEMANTIC_COMPOUND	Supplied OL forms a single compound number; NIV restructuring does not change OL normalization.	CONFIRMED
AUDITED_OL_NORMALIZATION_MANIFEST				NUM 34:13	HEB	REPLACE_VERSE_VALUES			לְתִשְׁעַ֥ת | וַחֲצִ֥י	9;1/2	19/2	SEMANTIC_COMPOUND	Multiple additive constituents form one semantic numeric quantity (age, duration, tribal count, or mixed fraction).	CONFIRMED
AUDITED_OL_NORMALIZATION_MANIFEST				NUM 34:15	HEB	REPLACE_VERSE_VALUES			שְׁנֵ֥י | וַחֲצִ֣י	2;1/2	5/2	SEMANTIC_COMPOUND	Multiple additive constituents form one semantic numeric quantity (age, duration, tribal count, or mixed fraction).	CONFIRMED
AUDITED_OL_NORMALIZATION_MANIFEST				NUM 35:8	HEB	DROP_EXPR	1		מֵאֵ֤ת	100		LEXICAL_FALSE_POSITIVE	Pointed מֵאֵת/מֵאֶת is the prepositional construction 'from/by', not the numeral 'hundred'.	CONFIRMED
AUDITED_OL_NORMALIZATION_MANIFEST				OBA 1:1	HEB	DROP_EXPR	1		מֵאֵ֤ת	100		LEXICAL_FALSE_POSITIVE	Pointed מֵאֵת/מֵאֶת is the prepositional construction 'from/by', not the numeral 'hundred'.	CONFIRMED
AUDITED_OL_NORMALIZATION_MANIFEST				PRO 31:22	HEB	DROP_EXPR	1		שֵׁ֖שׁ	6		LEXICAL_FALSE_POSITIVE	Context identifies שֵׁשׁ as fine linen/cotton/marble material, not the numeral six.	CONFIRMED
AUDITED_OL_NORMALIZATION_MANIFEST				PSA 6:1	HEB	DROP_EXPR	1		הַשְּׁמִינִ֗ית	8		LEXICAL_FALSE_POSITIVE	Lexicalized musical term Sheminith; excluded from numeric index rather than treated as ordinal eight.	CONFIRMED
AUDITED_OL_NORMALIZATION_MANIFEST				PSA 12:1	HEB	DROP_EXPR	1		הַשְּׁמִינִ֗ית	8		LEXICAL_FALSE_POSITIVE	Lexicalized musical term Sheminith; excluded from numeric index rather than treated as ordinal eight.	CONFIRMED
AUDITED_OL_NORMALIZATION_MANIFEST				PSA 24:5	HEB	DROP_EXPR	1		מֵאֵ֣ת	100		LEXICAL_FALSE_POSITIVE	Pointed מֵאֵת/מֵאֶת is the prepositional construction 'from/by', not the numeral 'hundred'.	CONFIRMED
AUDITED_OL_NORMALIZATION_MANIFEST				PSA 27:4	HEB	DROP_EXPR	2		מֵֽאֵת	100		LEXICAL_FALSE_POSITIVE	Pointed מֵאֵת/מֵאֶת is the prepositional construction 'from/by', not the numeral 'hundred'.	CONFIRMED
AUDITED_OL_NORMALIZATION_MANIFEST				PSA 57:5	HEB	DROP_EXPR	1		שִׁ֭נֵּיהֶם	2		LEXICAL_FALSE_POSITIVE	"""their teeth"", not two"	CONFIRMED
AUDITED_OL_NORMALIZATION_MANIFEST				PSA 69:20	HEB	DROP_EXPR	1		וּ֭בָשְׁתִּי	2		LEXICAL_FALSE_POSITIVE	verb/noun of shame, not two	CONFIRMED
AUDITED_OL_NORMALIZATION_MANIFEST				PSA 91:7	HEB	REPLACE_VERSE_VALUES			אֶ֗לֶף וּרְבָבָ֥ה	11000	1000;10000	STRUCTURAL_COMPOSITION	A thousand at one side and ten thousand at the other are distinct quantities.	CONFIRMED
AUDITED_OL_NORMALIZATION_MANIFEST				PSA 109:20	HEB	DROP_EXPR	1		מֵאֵ֣ת	100		LEXICAL_FALSE_POSITIVE	Pointed מֵאֵת/מֵאֶת is the prepositional construction 'from/by', not the numeral 'hundred'.	CONFIRMED
AUDITED_OL_NORMALIZATION_MANIFEST				PSA 118:23	HEB	DROP_EXPR	1		מֵאֵ֣ת	100		LEXICAL_FALSE_POSITIVE	Pointed מֵאֵת/מֵאֶת is the prepositional construction 'from/by', not the numeral 'hundred'.	CONFIRMED
AUDITED_OL_NORMALIZATION_MANIFEST				PSA 124:6	HEB	DROP_EXPR	1		לְשִׁנֵּיהֶֽם׃	2		LEXICAL_FALSE_POSITIVE	"""to their teeth"", not two"	CONFIRMED
AUDITED_OL_NORMALIZATION_MANIFEST				REV 1:20	GRK	REPLACE_VERSE_VALUES			ἑπτὰ | ἑπτὰ | ἑπτὰ | ἑπτὰ | ἑπτὰ ἑπτὰ	7;7;7;7;14	7;7;7;7;7;7	STRUCTURAL_COMPOSITION	Reviewed OL syntax requires independent values in source order; prior seed merged or omitted expression boundaries.	CONFIRMED
AUDITED_OL_NORMALIZATION_MANIFEST				REV 5:11	GRK	REPLACE_VERSE_VALUES			μυριάδες μυριάδων χιλιάδες χιλιάδων	100000000000000	10000;10000;1000;1000	STRUCTURAL_COMPOSITION	Myriad-by-myriad and thousand-by-thousand expressions are preserved as source components, not collapsed into one scalar.	CONFIRMED
AUDITED_OL_NORMALIZATION_MANIFEST				REV 11:9	GRK	REPLACE_VERSE_VALUES			τρεῖς ἥμισυ | τρεῖς ἥμισυ	3;1/2	7/2	SEMANTIC_COMPOUND	Multiple additive constituents form one semantic numeric quantity (age, duration, tribal count, or mixed fraction).	CONFIRMED
AUDITED_OL_NORMALIZATION_MANIFEST				REV 11:11	GRK	REPLACE_VERSE_VALUES			τρεῖς | ἥμισυ	3;1/2	7/2	SEMANTIC_COMPOUND	Multiple additive constituents form one semantic numeric quantity (age, duration, tribal count, or mixed fraction).	CONFIRMED
AUDITED_OL_NORMALIZATION_MANIFEST				SNG 5:15	HEB	DROP_EXPR	1		שֵׁ֔שׁ	6		LEXICAL_FALSE_POSITIVE	Context identifies שֵׁשׁ as fine linen/cotton/marble material, not the numeral six.	CONFIRMED
AUDITED_OL_NORMALIZATION_MANIFEST				ZEC 1:7	HEB	REPLACE_VERSE_VALUES			עֶשְׂרִ֨ים וְאַרְבָּעָ֜ה לְעַשְׁתֵּֽי עָשָׂ֥ר | שְׁתַּ֖יִם	35;2	24;11;2	STRUCTURAL_COMPOSITION	Reviewed OL syntax requires independent values in source order; prior seed merged or omitted expression boundaries.	CONFIRMED
AUDITED_OL_NORMALIZATION_MANIFEST				ZEC 3:9	HEB	DROP_EXPR	2		וּמַשְׁתִּ֛י	2		LEXICAL_FALSE_POSITIVE	"Qal verb ""and I will remove"", not two"	CONFIRMED
AUDITED_OL_NORMALIZATION_MANIFEST				ZEC 3:9	HEB	REPLACE_VERSE_VALUES			אַחַ֖ת שִׁבְעָ֣ה | וּמַשְׁתִּ֛י | אֶחָֽד׃	8;2;1	1;7;1	STRUCTURAL_COMPOSITION	"One stone, seven eyes, one day; וּמַשְׁתִּי is a verb ""I will remove""."	CONFIRMED
AUDITED_OL_NORMALIZATION_MANIFEST				ZEC 6:10	HEB	DROP_EXPR	1		מֵאֵ֣ת	100		LEXICAL_FALSE_POSITIVE	Pointed מֵאֵת/מֵאֶת is the prepositional construction 'from/by', not the numeral 'hundred'.	CONFIRMED
AUDITED_OL_NORMALIZATION_MANIFEST				ZEC 7:12	HEB	DROP_EXPR	2		מֵאֵ֖ת	100		LEXICAL_FALSE_POSITIVE	Pointed מֵאֵת/מֵאֶת is the prepositional construction 'from/by', not the numeral 'hundred'.	CONFIRMED
AUDITED_OL_NORMALIZATION_MANIFEST				ZEC 14:17	HEB	DROP_EXPR	1		מֵאֵ֨ת	100		LEXICAL_FALSE_POSITIVE	Pointed מֵאֵת/מֵאֶת is the prepositional construction 'from/by', not the numeral 'hundred'.	CONFIRMED
FINAL_OL_VERSE_OVERRIDE	1CH	25	19	1CH 25:19		REPLACE_VERSE_VALUES					12;12	FINAL_COVERAGE_SEMANTIC_OVERRIDE	Corpus-wide lexical/structural audit correction applied on real OL coordinate before Western .vrs mapping.	CONFIRMED
FINAL_OL_VERSE_OVERRIDE	1CH	26	11	1CH 26:11		REPLACE_VERSE_VALUES					2;3;4;13	FINAL_COVERAGE_SEMANTIC_OVERRIDE	Corpus-wide lexical/structural audit correction applied on real OL coordinate before Western .vrs mapping.	CONFIRMED
FINAL_OL_VERSE_OVERRIDE	1CH	27	15	1CH 27:15		REPLACE_VERSE_VALUES					12;12;24000	FINAL_COVERAGE_SEMANTIC_OVERRIDE	Corpus-wide lexical/structural audit correction applied on real OL coordinate before Western .vrs mapping.	CONFIRMED
FINAL_OL_VERSE_OVERRIDE	1CH	29	7	1CH 29:7		REPLACE_VERSE_VALUES					5000;10000;10000;18000;100000	FINAL_COVERAGE_SEMANTIC_OVERRIDE	Corpus-wide lexical/structural audit correction applied on real OL coordinate before Western .vrs mapping.	CONFIRMED
FINAL_OL_VERSE_OVERRIDE	1CO	12	28	1CO 12:28		REPLACE_VERSE_VALUES					1;2;3	FINAL_COVERAGE_SEMANTIC_OVERRIDE	Corpus-wide lexical/structural audit correction applied on real OL coordinate before Western .vrs mapping.	CONFIRMED
FINAL_OL_VERSE_OVERRIDE	1KI	10	22	1KI 10:22		REPLACE_VERSE_VALUES					1;3	FINAL_COVERAGE_SEMANTIC_OVERRIDE	Corpus-wide lexical/structural audit correction applied on real OL coordinate before Western .vrs mapping.	CONFIRMED
FINAL_OL_VERSE_OVERRIDE	1KI	5	12	1KI 5:12		REPLACE_VERSE_VALUES					3000;1005	FINAL_COVERAGE_SEMANTIC_OVERRIDE	Corpus-wide lexical/structural audit correction applied on real OL coordinate before Western .vrs mapping.	CONFIRMED
FINAL_OL_VERSE_OVERRIDE	1KI	5	2	1KI 5:2		REPLACE_VERSE_VALUES					1;30;60	FINAL_COVERAGE_SEMANTIC_OVERRIDE	Corpus-wide lexical/structural audit correction applied on real OL coordinate before Western .vrs mapping.	CONFIRMED
FINAL_OL_VERSE_OVERRIDE	1KI	6	1	1KI 6:1		REPLACE_VERSE_VALUES					480;4;2	FINAL_COVERAGE_SEMANTIC_OVERRIDE	Corpus-wide lexical/structural audit correction applied on real OL coordinate before Western .vrs mapping.	CONFIRMED
FINAL_OL_VERSE_OVERRIDE	1KI	6	26	1KI 6:26		REPLACE_VERSE_VALUES					1;10;2	FINAL_COVERAGE_SEMANTIC_OVERRIDE	Corpus-wide lexical/structural audit correction applied on real OL coordinate before Western .vrs mapping.	CONFIRMED
FINAL_OL_VERSE_OVERRIDE	1KI	7	25	1KI 7:25		REPLACE_VERSE_VALUES					12;3;3;3;3	FINAL_COVERAGE_SEMANTIC_OVERRIDE	Corpus-wide lexical/structural audit correction applied on real OL coordinate before Western .vrs mapping.	CONFIRMED
FINAL_OL_VERSE_OVERRIDE	1KI	7	27	1KI 7:27		REPLACE_VERSE_VALUES					10;4;1;4;3	FINAL_COVERAGE_SEMANTIC_OVERRIDE	Corpus-wide lexical/structural audit correction applied on real OL coordinate before Western .vrs mapping.	CONFIRMED
FINAL_OL_VERSE_OVERRIDE	1KI	7	38	1KI 7:38		REPLACE_VERSE_VALUES					10;40;1;4;1;1;1;10	FINAL_COVERAGE_SEMANTIC_OVERRIDE	Corpus-wide lexical/structural audit correction applied on real OL coordinate before Western .vrs mapping.	CONFIRMED
FINAL_OL_VERSE_OVERRIDE	1SA	17	18	1SA 17:18		REPLACE_VERSE_VALUES					10	FINAL_COVERAGE_SEMANTIC_OVERRIDE	Corpus-wide lexical/structural audit correction applied on real OL coordinate before Western .vrs mapping.	CONFIRMED
FINAL_OL_VERSE_OVERRIDE	1SA	20	36	1SA 20:36		REPLACE_VERSE_VALUES						FINAL_COVERAGE_SEMANTIC_OVERRIDE	Corpus-wide lexical/structural audit correction applied on real OL coordinate before Western .vrs mapping.	CONFIRMED
FINAL_OL_VERSE_OVERRIDE	1SA	20	37	1SA 20:37		REPLACE_VERSE_VALUES						FINAL_COVERAGE_SEMANTIC_OVERRIDE	Corpus-wide lexical/structural audit correction applied on real OL coordinate before Western .vrs mapping.	CONFIRMED
FINAL_OL_VERSE_OVERRIDE	1SA	23	23	1SA 23:23		REPLACE_VERSE_VALUES						FINAL_COVERAGE_SEMANTIC_OVERRIDE	Corpus-wide lexical/structural audit correction applied on real OL coordinate before Western .vrs mapping.	CONFIRMED
FINAL_OL_VERSE_OVERRIDE	1SA	6	7	1SA 6:7		REPLACE_VERSE_VALUES					2	FINAL_COVERAGE_SEMANTIC_OVERRIDE	Corpus-wide lexical/structural audit correction applied on real OL coordinate before Western .vrs mapping.	CONFIRMED
FINAL_OL_VERSE_OVERRIDE	2CH	14	8	2CH 14:8		REPLACE_VERSE_VALUES					1000;1000;300	FINAL_COVERAGE_SEMANTIC_OVERRIDE	Corpus-wide lexical/structural audit correction applied on real OL coordinate before Western .vrs mapping.	CONFIRMED
FINAL_OL_VERSE_OVERRIDE	2CH	9	13	2CH 9:13		REPLACE_VERSE_VALUES					666	FINAL_COVERAGE_SEMANTIC_OVERRIDE	Corpus-wide lexical/structural audit correction applied on real OL coordinate before Western .vrs mapping.	CONFIRMED
FINAL_OL_VERSE_OVERRIDE	2CH	9	21	2CH 9:21		REPLACE_VERSE_VALUES					1;3	FINAL_COVERAGE_SEMANTIC_OVERRIDE	Corpus-wide lexical/structural audit correction applied on real OL coordinate before Western .vrs mapping.	CONFIRMED
FINAL_OL_VERSE_OVERRIDE	2CO	12	14	2CO 12:14		REPLACE_VERSE_VALUES					3	FINAL_COVERAGE_SEMANTIC_OVERRIDE	Corpus-wide lexical/structural audit correction applied on real OL coordinate before Western .vrs mapping.	CONFIRMED
FINAL_OL_VERSE_OVERRIDE	2CO	13	1	2CO 13:1		REPLACE_VERSE_VALUES					3;2;3	FINAL_COVERAGE_SEMANTIC_OVERRIDE	Corpus-wide lexical/structural audit correction applied on real OL coordinate before Western .vrs mapping.	CONFIRMED
FINAL_OL_VERSE_OVERRIDE	2KI	2	24	2KI 2:24		REPLACE_VERSE_VALUES					2;42	FINAL_COVERAGE_SEMANTIC_OVERRIDE	Corpus-wide lexical/structural audit correction applied on real OL coordinate before Western .vrs mapping.	CONFIRMED
FINAL_OL_VERSE_OVERRIDE	2KI	9	24	2KI 9:24		REPLACE_VERSE_VALUES						FINAL_COVERAGE_SEMANTIC_OVERRIDE	Corpus-wide lexical/structural audit correction applied on real OL coordinate before Western .vrs mapping.	CONFIRMED
FINAL_OL_VERSE_OVERRIDE	2SA	20	1	2SA 20:1		REPLACE_VERSE_VALUES						FINAL_COVERAGE_SEMANTIC_OVERRIDE	Corpus-wide lexical/structural audit correction applied on real OL coordinate before Western .vrs mapping.	CONFIRMED
FINAL_OL_VERSE_OVERRIDE	2SA	20	10	2SA 20:10		REPLACE_VERSE_VALUES						FINAL_COVERAGE_SEMANTIC_OVERRIDE	Corpus-wide lexical/structural audit correction applied on real OL coordinate before Western .vrs mapping.	CONFIRMED
FINAL_OL_VERSE_OVERRIDE	2SA	20	13	2SA 20:13		REPLACE_VERSE_VALUES						FINAL_COVERAGE_SEMANTIC_OVERRIDE	Corpus-wide lexical/structural audit correction applied on real OL coordinate before Western .vrs mapping.	CONFIRMED
FINAL_OL_VERSE_OVERRIDE	2SA	20	2	2SA 20:2		REPLACE_VERSE_VALUES						FINAL_COVERAGE_SEMANTIC_OVERRIDE	Corpus-wide lexical/structural audit correction applied on real OL coordinate before Western .vrs mapping.	CONFIRMED
FINAL_OL_VERSE_OVERRIDE	2SA	20	22	2SA 20:22		REPLACE_VERSE_VALUES						FINAL_COVERAGE_SEMANTIC_OVERRIDE	Corpus-wide lexical/structural audit correction applied on real OL coordinate before Western .vrs mapping.	CONFIRMED
FINAL_OL_VERSE_OVERRIDE	2SA	20	6	2SA 20:6		REPLACE_VERSE_VALUES						FINAL_COVERAGE_SEMANTIC_OVERRIDE	Corpus-wide lexical/structural audit correction applied on real OL coordinate before Western .vrs mapping.	CONFIRMED
FINAL_OL_VERSE_OVERRIDE	2SA	20	7	2SA 20:7		REPLACE_VERSE_VALUES						FINAL_COVERAGE_SEMANTIC_OVERRIDE	Corpus-wide lexical/structural audit correction applied on real OL coordinate before Western .vrs mapping.	CONFIRMED
FINAL_OL_VERSE_OVERRIDE	ACT	1	24	ACT 1:24		REPLACE_VERSE_VALUES					2	FINAL_COVERAGE_SEMANTIC_OVERRIDE	Corpus-wide lexical/structural audit correction applied on real OL coordinate before Western .vrs mapping.	CONFIRMED
FINAL_OL_VERSE_OVERRIDE	AMO	4	8	AMO 4:8		REPLACE_VERSE_VALUES					2;3;1	FINAL_COVERAGE_SEMANTIC_OVERRIDE	Corpus-wide lexical/structural audit correction applied on real OL coordinate before Western .vrs mapping.	CONFIRMED
FINAL_OL_VERSE_OVERRIDE	DAN	3	19	DAN 3:19		REPLACE_VERSE_VALUES					7	FINAL_COVERAGE_SEMANTIC_OVERRIDE	Corpus-wide lexical/structural audit correction applied on real OL coordinate before Western .vrs mapping.	CONFIRMED
FINAL_OL_VERSE_OVERRIDE	DAN	5	23	DAN 5:23		REPLACE_VERSE_VALUES						FINAL_COVERAGE_SEMANTIC_OVERRIDE	Corpus-wide lexical/structural audit correction applied on real OL coordinate before Western .vrs mapping.	CONFIRMED
FINAL_OL_VERSE_OVERRIDE	DAN	6	1	DAN 6:1		REPLACE_VERSE_VALUES					62	FINAL_COVERAGE_SEMANTIC_OVERRIDE	Corpus-wide lexical/structural audit correction applied on real OL coordinate before Western .vrs mapping.	CONFIRMED
FINAL_OL_VERSE_OVERRIDE	DAN	7	10	DAN 7:10		REPLACE_VERSE_VALUES					1000;1000;10000;10000	FINAL_COVERAGE_SEMANTIC_OVERRIDE	Corpus-wide lexical/structural audit correction applied on real OL coordinate before Western .vrs mapping.	CONFIRMED
FINAL_OL_VERSE_OVERRIDE	EXO	25	12	EXO 25:12		REPLACE_VERSE_VALUES					4;4;2;1;2	FINAL_COVERAGE_SEMANTIC_OVERRIDE	Corpus-wide lexical/structural audit correction applied on real OL coordinate before Western .vrs mapping.	CONFIRMED
FINAL_OL_VERSE_OVERRIDE	EXO	26	19	EXO 26:19		REPLACE_VERSE_VALUES					40;20;2;1;2;1	FINAL_COVERAGE_SEMANTIC_OVERRIDE	Corpus-wide lexical/structural audit correction applied on real OL coordinate before Western .vrs mapping.	CONFIRMED
FINAL_OL_VERSE_OVERRIDE	EXO	26	8	EXO 26:8		REPLACE_VERSE_VALUES					1;30;4;1;1;11	FINAL_COVERAGE_SEMANTIC_OVERRIDE	Corpus-wide lexical/structural audit correction applied on real OL coordinate before Western .vrs mapping.	CONFIRMED
FINAL_OL_VERSE_OVERRIDE	EXO	36	10	EXO 36:10		REPLACE_VERSE_VALUES					5;1;1;5;1;1	FINAL_COVERAGE_SEMANTIC_OVERRIDE	Corpus-wide lexical/structural audit correction applied on real OL coordinate before Western .vrs mapping.	CONFIRMED
FINAL_OL_VERSE_OVERRIDE	EXO	36	15	EXO 36:15		REPLACE_VERSE_VALUES					1;30;4;1;1;11	FINAL_COVERAGE_SEMANTIC_OVERRIDE	Corpus-wide lexical/structural audit correction applied on real OL coordinate before Western .vrs mapping.	CONFIRMED
FINAL_OL_VERSE_OVERRIDE	EXO	36	24	EXO 36:24		REPLACE_VERSE_VALUES					40;20;2;1;2;1	FINAL_COVERAGE_SEMANTIC_OVERRIDE	Corpus-wide lexical/structural audit correction applied on real OL coordinate before Western .vrs mapping.	CONFIRMED
FINAL_OL_VERSE_OVERRIDE	EXO	37	3	EXO 37:3		REPLACE_VERSE_VALUES					4;4;2;1;2	FINAL_COVERAGE_SEMANTIC_OVERRIDE	Corpus-wide lexical/structural audit correction applied on real OL coordinate before Western .vrs mapping.	CONFIRMED
FINAL_OL_VERSE_OVERRIDE	EXO	37	8	EXO 37:8		REPLACE_VERSE_VALUES					1;1;2;2;1	FINAL_COVERAGE_SEMANTIC_OVERRIDE	Corpus-wide lexical/structural audit correction applied on real OL coordinate before Western .vrs mapping.	CONFIRMED
FINAL_OL_VERSE_OVERRIDE	EXO	38	29	EXO 38:29		REPLACE_VERSE_VALUES					70;2400	FINAL_COVERAGE_SEMANTIC_OVERRIDE	Corpus-wide lexical/structural audit correction applied on real OL coordinate before Western .vrs mapping.	CONFIRMED
FINAL_OL_VERSE_OVERRIDE	EZK	10	10	EZK 10:10		REPLACE_VERSE_VALUES					1;4	FINAL_COVERAGE_SEMANTIC_OVERRIDE	Corpus-wide lexical/structural audit correction applied on real OL coordinate before Western .vrs mapping.	CONFIRMED
FINAL_OL_VERSE_OVERRIDE	EZK	1	16	EZK 1:16		REPLACE_VERSE_VALUES					1;4	FINAL_COVERAGE_SEMANTIC_OVERRIDE	Corpus-wide lexical/structural audit correction applied on real OL coordinate before Western .vrs mapping.	CONFIRMED
FINAL_OL_VERSE_OVERRIDE	EZK	1	6	EZK 1:6		REPLACE_VERSE_VALUES					4;1;4;1	FINAL_COVERAGE_SEMANTIC_OVERRIDE	Corpus-wide lexical/structural audit correction applied on real OL coordinate before Western .vrs mapping.	CONFIRMED
FINAL_OL_VERSE_OVERRIDE	EZK	23	13	EZK 23:13		REPLACE_VERSE_VALUES					2	FINAL_COVERAGE_SEMANTIC_OVERRIDE	Corpus-wide lexical/structural audit correction applied on real OL coordinate before Western .vrs mapping.	CONFIRMED
FINAL_OL_VERSE_OVERRIDE	EZK	29	1	EZK 29:1		REPLACE_VERSE_VALUES					10;10;12	FINAL_COVERAGE_SEMANTIC_OVERRIDE	Corpus-wide lexical/structural audit correction applied on real OL coordinate before Western .vrs mapping.	CONFIRMED
FINAL_OL_VERSE_OVERRIDE	EZK	32	1	EZK 32:1		REPLACE_VERSE_VALUES					12;12;1	FINAL_COVERAGE_SEMANTIC_OVERRIDE	Corpus-wide lexical/structural audit correction applied on real OL coordinate before Western .vrs mapping.	CONFIRMED
FINAL_OL_VERSE_OVERRIDE	EZK	33	21	EZK 33:21		REPLACE_VERSE_VALUES					12;10;5	FINAL_COVERAGE_SEMANTIC_OVERRIDE	Corpus-wide lexical/structural audit correction applied on real OL coordinate before Western .vrs mapping.	CONFIRMED
FINAL_OL_VERSE_OVERRIDE	EZK	40	1	EZK 40:1		REPLACE_VERSE_VALUES					25;10;14	FINAL_COVERAGE_SEMANTIC_OVERRIDE	Corpus-wide lexical/structural audit correction applied on real OL coordinate before Western .vrs mapping.	CONFIRMED
FINAL_OL_VERSE_OVERRIDE	EZK	45	13	EZK 45:13		REPLACE_VERSE_VALUES					1/6;1/6	FINAL_COVERAGE_SEMANTIC_OVERRIDE	Corpus-wide lexical/structural audit correction applied on real OL coordinate before Western .vrs mapping.	CONFIRMED
FINAL_OL_VERSE_OVERRIDE	EZK	45	2	EZK 45:2		REPLACE_VERSE_VALUES					500;500;50	FINAL_COVERAGE_SEMANTIC_OVERRIDE	Corpus-wide lexical/structural audit correction applied on real OL coordinate before Western .vrs mapping.	CONFIRMED
FINAL_OL_VERSE_OVERRIDE	EZK	46	22	EZK 46:22		REPLACE_VERSE_VALUES					4;40;30;1;4	FINAL_COVERAGE_SEMANTIC_OVERRIDE	Corpus-wide lexical/structural audit correction applied on real OL coordinate before Western .vrs mapping.	CONFIRMED
FINAL_OL_VERSE_OVERRIDE	EZK	48	20	EZK 48:20		REPLACE_VERSE_VALUES					25000;25000	FINAL_COVERAGE_SEMANTIC_OVERRIDE	Corpus-wide lexical/structural audit correction applied on real OL coordinate before Western .vrs mapping.	CONFIRMED
FINAL_OL_VERSE_OVERRIDE	EZK	5	12	EZK 5:12		REPLACE_VERSE_VALUES					1/3;1/3;1/3	FINAL_COVERAGE_SEMANTIC_OVERRIDE	Corpus-wide lexical/structural audit correction applied on real OL coordinate before Western .vrs mapping.	CONFIRMED
FINAL_OL_VERSE_OVERRIDE	EZR	1	10	EZR 1:10		REPLACE_VERSE_VALUES					30;410;1000	FINAL_COVERAGE_SEMANTIC_OVERRIDE	Corpus-wide lexical/structural audit correction applied on real OL coordinate before Western .vrs mapping.	CONFIRMED
FINAL_OL_VERSE_OVERRIDE	EZR	2	69	EZR 2:69		REPLACE_VERSE_VALUES					61000;5000;100	FINAL_COVERAGE_SEMANTIC_OVERRIDE	Corpus-wide lexical/structural audit correction applied on real OL coordinate before Western .vrs mapping.	CONFIRMED
FINAL_OL_VERSE_OVERRIDE	GEN	24	60	GEN 24:60		REPLACE_VERSE_VALUES					1000;10000	FINAL_COVERAGE_SEMANTIC_OVERRIDE	Corpus-wide lexical/structural audit correction applied on real OL coordinate before Western .vrs mapping.	CONFIRMED
FINAL_OL_VERSE_OVERRIDE	GEN	41	26	GEN 41:26		REPLACE_VERSE_VALUES					7;7;7;7;1	FINAL_COVERAGE_SEMANTIC_OVERRIDE	Corpus-wide lexical/structural audit correction applied on real OL coordinate before Western .vrs mapping.	CONFIRMED
FINAL_OL_VERSE_OVERRIDE	GEN	41	34	GEN 41:34		REPLACE_VERSE_VALUES					1/5;7	FINAL_COVERAGE_SEMANTIC_OVERRIDE	Corpus-wide lexical/structural audit correction applied on real OL coordinate before Western .vrs mapping.	CONFIRMED
FINAL_OL_VERSE_OVERRIDE	ISA	30	17	ISA 30:17		REPLACE_VERSE_VALUES					1000;1;1;5	FINAL_COVERAGE_SEMANTIC_OVERRIDE	Corpus-wide lexical/structural audit correction applied on real OL coordinate before Western .vrs mapping.	CONFIRMED
FINAL_OL_VERSE_OVERRIDE	ISA	30	24	ISA 30:24		REPLACE_VERSE_VALUES						FINAL_COVERAGE_SEMANTIC_OVERRIDE	Corpus-wide lexical/structural audit correction applied on real OL coordinate before Western .vrs mapping.	CONFIRMED
FINAL_OL_VERSE_OVERRIDE	ISA	6	2	ISA 6:2		REPLACE_VERSE_VALUES					6;6;1;2;2;2	FINAL_COVERAGE_SEMANTIC_OVERRIDE	Corpus-wide lexical/structural audit correction applied on real OL coordinate before Western .vrs mapping.	CONFIRMED
FINAL_OL_VERSE_OVERRIDE	JDG	6	15	JDG 6:15		REPLACE_VERSE_VALUES						FINAL_COVERAGE_SEMANTIC_OVERRIDE	Corpus-wide lexical/structural audit correction applied on real OL coordinate before Western .vrs mapping.	CONFIRMED
FINAL_OL_VERSE_OVERRIDE	JER	32	1	JER 32:1		REPLACE_VERSE_VALUES					10;18	FINAL_COVERAGE_SEMANTIC_OVERRIDE	Corpus-wide lexical/structural audit correction applied on real OL coordinate before Western .vrs mapping.	CONFIRMED
FINAL_OL_VERSE_OVERRIDE	JER	32	9	JER 32:9		REPLACE_VERSE_VALUES					17	FINAL_COVERAGE_SEMANTIC_OVERRIDE	Corpus-wide lexical/structural audit correction applied on real OL coordinate before Western .vrs mapping.	CONFIRMED
FINAL_OL_VERSE_OVERRIDE	JER	52	12	JER 52:12		REPLACE_VERSE_VALUES					10;5;19	FINAL_COVERAGE_SEMANTIC_OVERRIDE	Corpus-wide lexical/structural audit correction applied on real OL coordinate before Western .vrs mapping.	CONFIRMED
FINAL_OL_VERSE_OVERRIDE	JHN	21	14	JHN 21:14		REPLACE_VERSE_VALUES					3	FINAL_COVERAGE_SEMANTIC_OVERRIDE	Corpus-wide lexical/structural audit correction applied on real OL coordinate before Western .vrs mapping.	CONFIRMED
FINAL_OL_VERSE_OVERRIDE	JHN	21	17	JHN 21:17		REPLACE_VERSE_VALUES					3;3	FINAL_COVERAGE_SEMANTIC_OVERRIDE	Corpus-wide lexical/structural audit correction applied on real OL coordinate before Western .vrs mapping.	CONFIRMED
FINAL_OL_VERSE_OVERRIDE	JOS	21	16	JOS 21:16		REPLACE_VERSE_VALUES					9;2	FINAL_COVERAGE_SEMANTIC_OVERRIDE	Corpus-wide lexical/structural audit correction applied on real OL coordinate before Western .vrs mapping.	CONFIRMED
FINAL_OL_VERSE_OVERRIDE	JOS	22	14	JOS 22:14		REPLACE_VERSE_VALUES					10;1;1	FINAL_COVERAGE_SEMANTIC_OVERRIDE	Corpus-wide lexical/structural audit correction applied on real OL coordinate before Western .vrs mapping.	CONFIRMED
FINAL_OL_VERSE_OVERRIDE	JOS	22	21	JOS 22:21		REPLACE_VERSE_VALUES					1/2	FINAL_COVERAGE_SEMANTIC_OVERRIDE	Corpus-wide lexical/structural audit correction applied on real OL coordinate before Western .vrs mapping.	CONFIRMED
FINAL_OL_VERSE_OVERRIDE	JOS	22	30	JOS 22:30		REPLACE_VERSE_VALUES						FINAL_COVERAGE_SEMANTIC_OVERRIDE	Corpus-wide lexical/structural audit correction applied on real OL coordinate before Western .vrs mapping.	CONFIRMED
FINAL_OL_VERSE_OVERRIDE	JOS	7	21	JOS 7:21		REPLACE_VERSE_VALUES					1;200;1;50	FINAL_COVERAGE_SEMANTIC_OVERRIDE	Corpus-wide lexical/structural audit correction applied on real OL coordinate before Western .vrs mapping.	CONFIRMED
FINAL_OL_VERSE_OVERRIDE	LEV	12	5	LEV 12:5		REPLACE_VERSE_VALUES					2;66	FINAL_COVERAGE_SEMANTIC_OVERRIDE	Corpus-wide lexical/structural audit correction applied on real OL coordinate before Western .vrs mapping.	CONFIRMED
FINAL_OL_VERSE_OVERRIDE	LUK	14	31	LUK 14:31		REPLACE_VERSE_VALUES					1;10000;20000	FINAL_COVERAGE_SEMANTIC_OVERRIDE	Corpus-wide lexical/structural audit correction applied on real OL coordinate before Western .vrs mapping.	CONFIRMED
FINAL_OL_VERSE_OVERRIDE	LUK	20	12	LUK 20:12		REPLACE_VERSE_VALUES					3	FINAL_COVERAGE_SEMANTIC_OVERRIDE	Corpus-wide lexical/structural audit correction applied on real OL coordinate before Western .vrs mapping.	CONFIRMED
FINAL_OL_VERSE_OVERRIDE	LUK	23	22	LUK 23:22		REPLACE_VERSE_VALUES					3	FINAL_COVERAGE_SEMANTIC_OVERRIDE	Corpus-wide lexical/structural audit correction applied on real OL coordinate before Western .vrs mapping.	CONFIRMED
FINAL_OL_VERSE_OVERRIDE	MIC	5	1	MIC 5:1		REPLACE_VERSE_VALUES						FINAL_COVERAGE_SEMANTIC_OVERRIDE	Corpus-wide lexical/structural audit correction applied on real OL coordinate before Western .vrs mapping.	CONFIRMED
FINAL_OL_VERSE_OVERRIDE	MRK	14	41	MRK 14:41		REPLACE_VERSE_VALUES					3	FINAL_COVERAGE_SEMANTIC_OVERRIDE	Corpus-wide lexical/structural audit correction applied on real OL coordinate before Western .vrs mapping.	CONFIRMED
FINAL_OL_VERSE_OVERRIDE	MRK	14	72	MRK 14:72		REPLACE_VERSE_VALUES					2;2;3	FINAL_COVERAGE_SEMANTIC_OVERRIDE	Corpus-wide lexical/structural audit correction applied on real OL coordinate before Western .vrs mapping.	CONFIRMED
FINAL_OL_VERSE_OVERRIDE	NUM	10	36	NUM 10:36		REPLACE_VERSE_VALUES					10000;1000	FINAL_COVERAGE_SEMANTIC_OVERRIDE	Corpus-wide lexical/structural audit correction applied on real OL coordinate before Western .vrs mapping.	CONFIRMED
FINAL_OL_VERSE_OVERRIDE	NUM	10	4	NUM 10:4		REPLACE_VERSE_VALUES					1	FINAL_COVERAGE_SEMANTIC_OVERRIDE	Corpus-wide lexical/structural audit correction applied on real OL coordinate before Western .vrs mapping.	CONFIRMED
FINAL_OL_VERSE_OVERRIDE	NUM	1	16	NUM 1:16		REPLACE_VERSE_VALUES						FINAL_COVERAGE_SEMANTIC_OVERRIDE	Corpus-wide lexical/structural audit correction applied on real OL coordinate before Western .vrs mapping.	CONFIRMED
FINAL_OL_VERSE_OVERRIDE	NUM	28	21	NUM 28:21		REPLACE_VERSE_VALUES					1/10;1/10;1;7	FINAL_COVERAGE_SEMANTIC_OVERRIDE	Corpus-wide lexical/structural audit correction applied on real OL coordinate before Western .vrs mapping.	CONFIRMED
FINAL_OL_VERSE_OVERRIDE	NUM	28	29	NUM 28:29		REPLACE_VERSE_VALUES					1/10;1/10;1;7	FINAL_COVERAGE_SEMANTIC_OVERRIDE	Corpus-wide lexical/structural audit correction applied on real OL coordinate before Western .vrs mapping.	CONFIRMED
FINAL_OL_VERSE_OVERRIDE	NUM	29	10	NUM 29:10		REPLACE_VERSE_VALUES					1/10;1/10;1;7	FINAL_COVERAGE_SEMANTIC_OVERRIDE	Corpus-wide lexical/structural audit correction applied on real OL coordinate before Western .vrs mapping.	CONFIRMED
FINAL_OL_VERSE_OVERRIDE	NUM	29	4	NUM 29:4		REPLACE_VERSE_VALUES					1/10;1;1;7	FINAL_COVERAGE_SEMANTIC_OVERRIDE	Corpus-wide lexical/structural audit correction applied on real OL coordinate before Western .vrs mapping.	CONFIRMED
FINAL_OL_VERSE_OVERRIDE	NUM	31	48	NUM 31:48		REPLACE_VERSE_VALUES					1000;100	FINAL_COVERAGE_SEMANTIC_OVERRIDE	Corpus-wide lexical/structural audit correction applied on real OL coordinate before Western .vrs mapping.	CONFIRMED
FINAL_OL_VERSE_OVERRIDE	NUM	31	5	NUM 31:5		REPLACE_VERSE_VALUES					1000;12000	FINAL_COVERAGE_SEMANTIC_OVERRIDE	Corpus-wide lexical/structural audit correction applied on real OL coordinate before Western .vrs mapping.	CONFIRMED
FINAL_OL_VERSE_OVERRIDE	PRO	14	4	PRO 14:4		REPLACE_VERSE_VALUES						FINAL_COVERAGE_SEMANTIC_OVERRIDE	Corpus-wide lexical/structural audit correction applied on real OL coordinate before Western .vrs mapping.	CONFIRMED
FINAL_OL_VERSE_OVERRIDE	PRO	6	16	PRO 6:16		REPLACE_VERSE_VALUES					6;7	FINAL_COVERAGE_SEMANTIC_OVERRIDE	Corpus-wide lexical/structural audit correction applied on real OL coordinate before Western .vrs mapping.	CONFIRMED
FINAL_OL_VERSE_OVERRIDE	PSA	68	18	PSA 68:18		REPLACE_VERSE_VALUES					20000;1000	FINAL_COVERAGE_SEMANTIC_OVERRIDE	Corpus-wide lexical/structural audit correction applied on real OL coordinate before Western .vrs mapping.	CONFIRMED
FINAL_OL_VERSE_OVERRIDE	PSA	8	8	PSA 8:8		REPLACE_VERSE_VALUES						FINAL_COVERAGE_SEMANTIC_OVERRIDE	Corpus-wide lexical/structural audit correction applied on real OL coordinate before Western .vrs mapping.	CONFIRMED
FINAL_OL_VERSE_OVERRIDE	REV	14	20	REV 14:20		REPLACE_VERSE_VALUES					1600	FINAL_COVERAGE_SEMANTIC_OVERRIDE	Corpus-wide lexical/structural audit correction applied on real OL coordinate before Western .vrs mapping.	CONFIRMED
FINAL_OL_VERSE_OVERRIDE	REV	4	7	REV 4:7		REPLACE_VERSE_VALUES					1;2;3;4	FINAL_COVERAGE_SEMANTIC_OVERRIDE	Corpus-wide lexical/structural audit correction applied on real OL coordinate before Western .vrs mapping.	CONFIRMED
FINAL_OL_VERSE_OVERRIDE	REV	9	16	REV 9:16		REPLACE_VERSE_VALUES					200000000	FINAL_COVERAGE_SEMANTIC_OVERRIDE	Corpus-wide lexical/structural audit correction applied on real OL coordinate before Western .vrs mapping.	CONFIRMED
FINAL_OL_VERSE_OVERRIDE	ZEC	14	4	ZEC 14:4		REPLACE_VERSE_VALUES					1/2;1/2	FINAL_COVERAGE_SEMANTIC_OVERRIDE	Corpus-wide lexical/structural audit correction applied on real OL coordinate before Western .vrs mapping.	CONFIRMED
NIV_SEMANTIC_OVERRIDE	2SA	24	13			NORMALIZE_NIV_SEMANTIC_VALUES					3;3;3	NIV_PARSER_SEMANTIC_OVERRIDE	English parser cannot safely infer this compound/fraction/discourse semantic from surface tokens alone.	CONFIRMED
NIV_SEMANTIC_OVERRIDE	EXO	25	10			NORMALIZE_NIV_SEMANTIC_VALUES					5/2;3/2;3/2	NIV_PARSER_SEMANTIC_OVERRIDE	English parser cannot safely infer this compound/fraction/discourse semantic from surface tokens alone.	CONFIRMED
NIV_SEMANTIC_OVERRIDE	HEB	7	8			NORMALIZE_NIV_SEMANTIC_VALUES					1;1/10	NIV_PARSER_SEMANTIC_OVERRIDE	English parser cannot safely infer this compound/fraction/discourse semantic from surface tokens alone.	CONFIRMED
NIV_SEMANTIC_OVERRIDE	HEB	7	9			NORMALIZE_NIV_SEMANTIC_VALUES					1;1/10;1/10	NIV_PARSER_SEMANTIC_OVERRIDE	English parser cannot safely infer this compound/fraction/discourse semantic from surface tokens alone.	CONFIRMED
NIV_SEMANTIC_OVERRIDE	REV	9	16			NORMALIZE_NIV_SEMANTIC_VALUES					200000000	NIV_PARSER_SEMANTIC_OVERRIDE	English parser cannot safely infer this compound/fraction/discourse semantic from surface tokens alone.	CONFIRMED
